,human_suggested_id,address1,address2,address3,country,fulladdress,assetdescription,additionalassetdescription,receiversfirm,concat,concat_clean,token,token_clean,label
33,,Lisavard,,Cork,Ireland,"Lisavard, Cork, Ireland",Agricultural Land,,Baker Tilly Ryan Glennon,"Lisavard nan Cork Ireland Lisavard, Cork, Ireland Agricultural Land nan Baker Tilly Ryan Glennon","lisavard  cork ireland lisavard, cork, ireland agricultural land  baker tilly ryan glennon","['lisavard', 'cork', 'ireland', 'lisavard', ',', 'cork', ',', 'ireland', 'agricultural', 'land', 'baker', 'tilly', 'ryan', 'glennon']",lisavard cork ireland lisavard cork ireland agricultural land baker tilly ryan glennon,8
34,,Tulligmore,Ballinhassig,Cork,Ireland,"Tulligmore, Ballinhassig, Cork, Ireland",Development - Not Commenced,,Ernst & Young,"Tulligmore Ballinhassig Cork Ireland Tulligmore, Ballinhassig, Cork, Ireland Development - Not Commenced nan Ernst & Young","tulligmore ballinhassig cork ireland tulligmore, ballinhassig, cork, ireland development - not commenced  ernst & young","['tulligmore', 'ballinhassig', 'cork', 'ireland', 'tulligmore', ',', 'ballinhassig', ',', 'cork', ',', 'ireland', 'development', '-', 'not', 'commenced', 'ernst', '&', 'young']",tulligmore ballinhassig cork ireland tulligmore ballinhassig cork ireland development not commenced ernst young,8
35,,New Cork Road,Bandon,Cork,Ireland,"New Cork Road, Bandon, Cork, Ireland",Office,,Baker Tilly Ryan Glennon,"New Cork Road Bandon Cork Ireland New Cork Road, Bandon, Cork, Ireland Office nan Baker Tilly Ryan Glennon","new cork road bandon cork ireland new cork road, bandon, cork, ireland office  baker tilly ryan glennon","['new', 'cork', 'road', 'bandon', 'cork', 'ireland', 'new', 'cork', 'road', ',', 'bandon', ',', 'cork', ',', 'ireland', 'office', 'baker', 'tilly', 'ryan', 'glennon']",new cork road bandon cork ireland new cork road bandon cork ireland office baker tilly ryan glennon,8
36,,Castlewoods,Bandon,Cork,Ireland,"Castlewoods, Bandon, Cork, Ireland",Residential,,Baker Tilly Ryan Glennon,"Castlewoods Bandon Cork Ireland Castlewoods, Bandon, Cork, Ireland Residential nan Baker Tilly Ryan Glennon","castlewoods bandon cork ireland castlewoods, bandon, cork, ireland residential  baker tilly ryan glennon","['castlewoods', 'bandon', 'cork', 'ireland', 'castlewoods', ',', 'bandon', ',', 'cork', ',', 'ireland', 'residential', 'baker', 'tilly', 'ryan', 'glennon']",castlewoods bandon cork ireland castlewoods bandon cork ireland residential baker tilly ryan glennon,8
37,,Curraheen,Bishopstown,Cork,Ireland,"Curraheen, Bishopstown, Cork, Ireland",Development - Not Commenced,,PwC,"Curraheen Bishopstown Cork Ireland Curraheen, Bishopstown, Cork, Ireland Development - Not Commenced nan PwC","curraheen bishopstown cork ireland curraheen, bishopstown, cork, ireland development - not commenced  pwc","['curraheen', 'bishopstown', 'cork', 'ireland', 'curraheen', ',', 'bishopstown', ',', 'cork', ',', 'ireland', 'development', '-', 'not', 'commenced', 'pwc']",curraheen bishopstown cork ireland curraheen bishopstown cork ireland development not commenced pwc,8
38,,Station Road,Blarney,Cork,Ireland,"Station Road, Blarney, Cork, Ireland",Residential,,Baker Tilly Ryan Glennon,"Station Road Blarney Cork Ireland Station Road, Blarney, Cork, Ireland Residential nan Baker Tilly Ryan Glennon","station road blarney cork ireland station road, blarney, cork, ireland residential  baker tilly ryan glennon","['station', 'road', 'blarney', 'cork', 'ireland', 'station', 'road', ',', 'blarney', ',', 'cork', ',', 'ireland', 'residential', 'baker', 'tilly', 'ryan', 'glennon']",station road blarney cork ireland station road blarney cork ireland residential baker tilly ryan glennon,8
39,,Ardamadane,Blarney,Cork,Ireland,"Blarney, Cork, Ireland",Development - Not Commenced,,PwC,"Ardamadane Blarney Cork Ireland Blarney, Cork, Ireland Development - Not Commenced nan PwC","ardamadane blarney cork ireland blarney, cork, ireland development - not commenced  pwc","['ardamadane', 'blarney', 'cork', 'ireland', 'blarney', ',', 'cork', ',', 'ireland', 'development', '-', 'not', 'commenced', 'pwc']",ardamadane blarney cork ireland blarney cork ireland development not commenced pwc,8
40,,"Blarney Business
Park",Blarney,Cork,Ireland,"Blarney Business
Park, Blarney, Cork, Ireland",Development - Not Commenced,,Ernst & Young,"Blarney Business
Park Blarney Cork Ireland Blarney Business
Park, Blarney, Cork, Ireland Development - Not Commenced nan Ernst & Young","blarney business park blarney cork ireland blarney business park, blarney, cork, ireland development - not commenced  ernst & young","['blarney', 'business', 'park', 'blarney', 'cork', 'ireland', 'blarney', 'business', 'park', ',', 'blarney', ',', 'cork', ',', 'ireland', 'development', '-', 'not', 'commenced', 'ernst', '&', 'young']",blarney business park blarney cork ireland blarney business park blarney cork ireland development not commenced ernst young,8
41,,"Blarney Business
Park",Blarney,Cork,Ireland,"Blarney Business
Park, Blarney, Cork, Ireland",Retail,,Ernst & Young,"Blarney Business
Park Blarney Cork Ireland Blarney Business
Park, Blarney, Cork, Ireland Retail nan Ernst & Young","blarney business park blarney cork ireland blarney business park, blarney, cork, ireland retail  ernst & young","['blarney', 'business', 'park', 'blarney', 'cork', 'ireland', 'blarney', 'business', 'park', ',', 'blarney', ',', 'cork', ',', 'ireland', 'retail', 'ernst', '&', 'young']",blarney business park blarney cork ireland blarney business park blarney cork ireland retail ernst young,8
42,,"Blarney Business
Park",Blarney,Cork,Ireland,"Blarney Business
Park, Blarney, Cork, Ireland",Other,"Zoned Land - No
Planning",Ernst & Young,"Blarney Business
Park Blarney Cork Ireland Blarney Business
Park, Blarney, Cork, Ireland Other Zoned Land - No
Planning Ernst & Young","blarney business park blarney cork ireland blarney business park, blarney, cork, ireland other zoned land - no planning ernst & young","['blarney', 'business', 'park', 'blarney', 'cork', 'ireland', 'blarney', 'business', 'park', ',', 'blarney', ',', 'cork', ',', 'ireland', 'other', 'zoned', 'land', '-', 'no', 'planning', 'ernst', '&', 'young']",blarney business park blarney cork ireland blarney business park blarney cork ireland other zoned land no planning ernst young,8
43,,Whelan's Quarry,Carrigtwohill,Cork,Ireland,"Whelan's Quarry, Carrigtwohill, Cork, Ireland",Other,Quarry,Grant Thornton,"Whelan's Quarry Carrigtwohill Cork Ireland Whelan's Quarry, Carrigtwohill, Cork, Ireland Other Quarry Grant Thornton","whelan's quarry carrigtwohill cork ireland whelan's quarry, carrigtwohill, cork, ireland other quarry grant thornton","['whelan', ""'s"", 'quarry', 'carrigtwohill', 'cork', 'ireland', 'whelan', ""'s"", 'quarry', ',', 'carrigtwohill', ',', 'cork', ',', 'ireland', 'other', 'quarry', 'grant', 'thornton']",whelan 's quarry carrigtwohill cork ireland whelan 's quarry carrigtwohill cork ireland other quarry grant thornton,8
44,,Castlemartyr Resort,Castlemartyr,Cork,Ireland,"Castlemartyr Resort, Castlemartyr, Cork, Ireland",Residential,,Ernst & Young,"Castlemartyr Resort Castlemartyr Cork Ireland Castlemartyr Resort, Castlemartyr, Cork, Ireland Residential nan Ernst & Young","castlemartyr resort castlemartyr cork ireland castlemartyr resort, castlemartyr, cork, ireland residential  ernst & young","['castlemartyr', 'resort', 'castlemartyr', 'cork', 'ireland', 'castlemartyr', 'resort', ',', 'castlemartyr', ',', 'cork', ',', 'ireland', 'residential', 'ernst', '&', 'young']",castlemartyr resort castlemartyr cork ireland castlemartyr resort castlemartyr cork ireland residential ernst young,8
45,,Salter,Castletownshend,Cork,Ireland,"Salter, Castletownshend, Cork, Ireland",Residential,,Baker Tilly Ryan Glennon,"Salter Castletownshend Cork Ireland Salter, Castletownshend, Cork, Ireland Residential nan Baker Tilly Ryan Glennon","salter castletownshend cork ireland salter, castletownshend, cork, ireland residential  baker tilly ryan glennon","['salter', 'castletownshend', 'cork', 'ireland', 'salter', ',', 'castletownshend', ',', 'cork', ',', 'ireland', 'residential', 'baker', 'tilly', 'ryan', 'glennon']",salter castletownshend cork ireland salter castletownshend cork ireland residential baker tilly ryan glennon,8
46,,The Miles,Clonakilty,Cork,Ireland,"The Miles, Clonakilty, Cork, Ireland",Development - Not Commenced,,Baker Tilly Ryan Glennon,"The Miles Clonakilty Cork Ireland The Miles, Clonakilty, Cork, Ireland Development - Not Commenced nan Baker Tilly Ryan Glennon","the miles clonakilty cork ireland the miles, clonakilty, cork, ireland development - not commenced  baker tilly ryan glennon","['the', 'miles', 'clonakilty', 'cork', 'ireland', 'the', 'miles', ',', 'clonakilty', ',', 'cork', ',', 'ireland', 'development', '-', 'not', 'commenced', 'baker', 'tilly', 'ryan', 'glennon']",the miles clonakilty cork ireland the miles clonakilty cork ireland development not commenced baker tilly ryan glennon,8
47,,Guillanes,Clonakilty,Cork,Ireland,"Guillanes, Clonakilty, Cork, Ireland",Agricultural Land,,Baker Tilly Ryan Glennon,"Guillanes Clonakilty Cork Ireland Guillanes, Clonakilty, Cork, Ireland Agricultural Land nan Baker Tilly Ryan Glennon","guillanes clonakilty cork ireland guillanes, clonakilty, cork, ireland agricultural land  baker tilly ryan glennon","['guillanes', 'clonakilty', 'cork', 'ireland', 'guillanes', ',', 'clonakilty', ',', 'cork', ',', 'ireland', 'agricultural', 'land', 'baker', 'tilly', 'ryan', 'glennon']",guillanes clonakilty cork ireland guillanes clonakilty cork ireland agricultural land baker tilly ryan glennon,8
48,,Inchydoney Island,Clonakilty,Cork,Ireland,"Inchydoney Island, Clonakilty, Cork, Ireland",Development - Not Commenced,,Baker Tilly Ryan Glennon,"Inchydoney Island Clonakilty Cork Ireland Inchydoney Island, Clonakilty, Cork, Ireland Development - Not Commenced nan Baker Tilly Ryan Glennon","inchydoney island clonakilty cork ireland inchydoney island, clonakilty, cork, ireland development - not commenced  baker tilly ryan glennon","['inchydoney', 'island', 'clonakilty', 'cork', 'ireland', 'inchydoney', 'island', ',', 'clonakilty', ',', 'cork', ',', 'ireland', 'development', '-', 'not', 'commenced', 'baker', 'tilly', 'ryan', 'glennon']",inchydoney island clonakilty cork ireland inchydoney island clonakilty cork ireland development not commenced baker tilly ryan glennon,8
49,,Woodlands,Clonakilty,Cork,Ireland,"Woodlands, Clonakilty, Cork, Ireland",Residential,,Baker Tilly Ryan Glennon,"Woodlands Clonakilty Cork Ireland Woodlands, Clonakilty, Cork, Ireland Residential nan Baker Tilly Ryan Glennon","woodlands clonakilty cork ireland woodlands, clonakilty, cork, ireland residential  baker tilly ryan glennon","['woodlands', 'clonakilty', 'cork', 'ireland', 'woodlands', ',', 'clonakilty', ',', 'cork', ',', 'ireland', 'residential', 'baker', 'tilly', 'ryan', 'glennon']",woodlands clonakilty cork ireland woodlands clonakilty cork ireland residential baker tilly ryan glennon,8
50,,Clogheen,Clonakilty,Cork,Ireland,"Clogheen, Clonakilty, Cork, Ireland",Development - Not Commenced,,PwC,"Clogheen Clonakilty Cork Ireland Clogheen, Clonakilty, Cork, Ireland Development - Not Commenced nan PwC","clogheen clonakilty cork ireland clogheen, clonakilty, cork, ireland development - not commenced  pwc","['clogheen', 'clonakilty', 'cork', 'ireland', 'clogheen', ',', 'clonakilty', ',', 'cork', ',', 'ireland', 'development', '-', 'not', 'commenced', 'pwc']",clogheen clonakilty cork ireland clogheen clonakilty cork ireland development not commenced pwc,8
51,,Grillagh,Clonakilty,Cork,Ireland,"Grillagh, Clonakilty, Cork, Ireland",Development - Not Commenced,,PwC,"Grillagh Clonakilty Cork Ireland Grillagh, Clonakilty, Cork, Ireland Development - Not Commenced nan PwC","grillagh clonakilty cork ireland grillagh, clonakilty, cork, ireland development - not commenced  pwc","['grillagh', 'clonakilty', 'cork', 'ireland', 'grillagh', ',', 'clonakilty', ',', 'cork', ',', 'ireland', 'development', '-', 'not', 'commenced', 'pwc']",grillagh clonakilty cork ireland grillagh clonakilty cork ireland development not commenced pwc,8
52,,Cooline,Cobh,Cork,Ireland,"Cooline, Cobh, Cork, Ireland",Development - Commenced,,Baker Tilly Ryan Glennon,"Cooline Cobh Cork Ireland Cooline, Cobh, Cork, Ireland Development - Commenced nan Baker Tilly Ryan Glennon","cooline cobh cork ireland cooline, cobh, cork, ireland development - commenced  baker tilly ryan glennon","['cooline', 'cobh', 'cork', 'ireland', 'cooline', ',', 'cobh', ',', 'cork', ',', 'ireland', 'development', '-', 'commenced', 'baker', 'tilly', 'ryan', 'glennon']",cooline cobh cork ireland cooline cobh cork ireland development commenced baker tilly ryan glennon,8
53,,"Certain units
Rushbrooke",Cobh,Cork,Ireland,"Certain units
Rushbrooke, Cobh, Cork, Ireland",Residential,,Baker Tilly Ryan Glennon,"Certain units
Rushbrooke Cobh Cork Ireland Certain units
Rushbrooke, Cobh, Cork, Ireland Residential nan Baker Tilly Ryan Glennon","certain units rushbrooke cobh cork ireland certain units rushbrooke, cobh, cork, ireland residential  baker tilly ryan glennon","['certain', 'units', 'rushbrooke', 'cobh', 'cork', 'ireland', 'certain', 'units', 'rushbrooke', ',', 'cobh', ',', 'cork', ',', 'ireland', 'residential', 'baker', 'tilly', 'ryan', 'glennon']",certain units rushbrooke cobh cork ireland certain units rushbrooke cobh cork ireland residential baker tilly ryan glennon,8
54,,Rushbrooke Centre,Cobh,Cork,Ireland,"Rushbrooke Centre, Cobh, Cork, Ireland",Retail,,Baker Tilly Ryan Glennon,"Rushbrooke Centre Cobh Cork Ireland Rushbrooke Centre, Cobh, Cork, Ireland Retail nan Baker Tilly Ryan Glennon","rushbrooke centre cobh cork ireland rushbrooke centre, cobh, cork, ireland retail  baker tilly ryan glennon","['rushbrooke', 'centre', 'cobh', 'cork', 'ireland', 'rushbrooke', 'centre', ',', 'cobh', ',', 'cork', ',', 'ireland', 'retail', 'baker', 'tilly', 'ryan', 'glennon']",rushbrooke centre cobh cork ireland rushbrooke centre cobh cork ireland retail baker tilly ryan glennon,8
55,,Bluegrove,Cobh,Cork,Ireland,"Bluegrove, Cobh, Cork, Ireland",Residential,,Baker Tilly Ryan Glennon,"Bluegrove Cobh Cork Ireland Bluegrove, Cobh, Cork, Ireland Residential nan Baker Tilly Ryan Glennon","bluegrove cobh cork ireland bluegrove, cobh, cork, ireland residential  baker tilly ryan glennon","['bluegrove', 'cobh', 'cork', 'ireland', 'bluegrove', ',', 'cobh', ',', 'cork', ',', 'ireland', 'residential', 'baker', 'tilly', 'ryan', 'glennon']",bluegrove cobh cork ireland bluegrove cobh cork ireland residential baker tilly ryan glennon,8
56,,Marino Point,Cobh,Cork,Ireland,"Marino Point, Cobh, Cork, Ireland",Industrial,,Ernst & Young,"Marino Point Cobh Cork Ireland Marino Point, Cobh, Cork, Ireland Industrial nan Ernst & Young","marino point cobh cork ireland marino point, cobh, cork, ireland industrial  ernst & young","['marino', 'point', 'cobh', 'cork', 'ireland', 'marino', 'point', ',', 'cobh', ',', 'cork', ',', 'ireland', 'industrial', 'ernst', '&', 'young']",marino point cobh cork ireland marino point cobh cork ireland industrial ernst young,8
57,,"The
Pines",Cobh,Cork,Ireland,"The
Pines, Cobh, Cork, Ireland",Residential,,"National Insolvency Unit,
HBC Limerick","The
Pines Cobh Cork Ireland The
Pines, Cobh, Cork, Ireland Residential nan National Insolvency Unit,
HBC Limerick","the pines cobh cork ireland the pines, cobh, cork, ireland residential  national insolvency unit, hbc limerick","['the', 'pines', 'cobh', 'cork', 'ireland', 'the', 'pines', ',', 'cobh', ',', 'cork', ',', 'ireland', 'residential', 'national', 'insolvency', 'unit', ',', 'hbc', 'limerick']",the pines cobh cork ireland the pines cobh cork ireland residential national insolvency unit hbc limerick,8
58,,"The
Riverside Rise",Cobh,Cork,Ireland,"The
Riverside Rise, Cobh, Cork, Ireland",Residential,,"National Insolvency Unit,
HBC Limerick","The
Riverside Rise Cobh Cork Ireland The
Riverside Rise, Cobh, Cork, Ireland Residential nan National Insolvency Unit,
HBC Limerick","the riverside rise cobh cork ireland the riverside rise, cobh, cork, ireland residential  national insolvency unit, hbc limerick","['the', 'riverside', 'rise', 'cobh', 'cork', 'ireland', 'the', 'riverside', 'rise', ',', 'cobh', ',', 'cork', ',', 'ireland', 'residential', 'national', 'insolvency', 'unit', ',', 'hbc', 'limerick']",the riverside rise cobh cork ireland the riverside rise cobh cork ireland residential national insolvency unit hbc limerick,8
59,,Hermitage Grove,Cobh,Cork,Ireland,"Hermitage Grove, Cobh, Cork, Ireland",Residential,,"National Insolvency Unit,
HBC Limerick","Hermitage Grove Cobh Cork Ireland Hermitage Grove, Cobh, Cork, Ireland Residential nan National Insolvency Unit,
HBC Limerick","hermitage grove cobh cork ireland hermitage grove, cobh, cork, ireland residential  national insolvency unit, hbc limerick","['hermitage', 'grove', 'cobh', 'cork', 'ireland', 'hermitage', 'grove', ',', 'cobh', ',', 'cork', ',', 'ireland', 'residential', 'national', 'insolvency', 'unit', ',', 'hbc', 'limerick']",hermitage grove cobh cork ireland hermitage grove cobh cork ireland residential national insolvency unit hbc limerick,8
60,,"Rushbrook
Commercial Centre",Cobh,Cork,Ireland,"Rushbrook
Commercial Centre, Cobh, Cork, Ireland",Residential,,"National Insolvency Unit,
HBC Limerick","Rushbrook
Commercial Centre Cobh Cork Ireland Rushbrook
Commercial Centre, Cobh, Cork, Ireland Residential nan National Insolvency Unit,
HBC Limerick","rushbrook commercial centre cobh cork ireland rushbrook commercial centre, cobh, cork, ireland residential  national insolvency unit, hbc limerick","['rushbrook', 'commercial', 'centre', 'cobh', 'cork', 'ireland', 'rushbrook', 'commercial', 'centre', ',', 'cobh', ',', 'cork', ',', 'ireland', 'residential', 'national', 'insolvency', 'unit', ',', 'hbc', 'limerick']",rushbrook commercial centre cobh cork ireland rushbrook commercial centre cobh cork ireland residential national insolvency unit hbc limerick,8
61,,Lynchs Quay,Cobh,Cork,Ireland,"Lynchs Quay, Cobh, Cork, Ireland",Other,Boathouse,Ernst & Young,"Lynchs Quay Cobh Cork Ireland Lynchs Quay, Cobh, Cork, Ireland Other Boathouse Ernst & Young","lynchs quay cobh cork ireland lynchs quay, cobh, cork, ireland other boathouse ernst & young","['lynchs', 'quay', 'cobh', 'cork', 'ireland', 'lynchs', 'quay', ',', 'cobh', ',', 'cork', ',', 'ireland', 'other', 'boathouse', 'ernst', '&', 'young']",lynchs quay cobh cork ireland lynchs quay cobh cork ireland other boathouse ernst young,8
62,,West Beach,Cobh,Cork,Ireland,"West Beach, Cobh, Cork, Ireland",Other,Vacant property,Ernst & Young,"West Beach Cobh Cork Ireland West Beach, Cobh, Cork, Ireland Other Vacant property Ernst & Young","west beach cobh cork ireland west beach, cobh, cork, ireland other vacant property ernst & young","['west', 'beach', 'cobh', 'cork', 'ireland', 'west', 'beach', ',', 'cobh', ',', 'cork', ',', 'ireland', 'other', 'vacant', 'property', 'ernst', '&', 'young']",west beach cobh cork ireland west beach cobh cork ireland other vacant property ernst young,8
63,,West Beach,Cobh,Cork,Ireland,"West Beach, Cobh, Cork, Ireland",Mixed Use,,KPMG,"West Beach Cobh Cork Ireland West Beach, Cobh, Cork, Ireland Mixed Use nan KPMG","west beach cobh cork ireland west beach, cobh, cork, ireland mixed use  kpmg","['west', 'beach', 'cobh', 'cork', 'ireland', 'west', 'beach', ',', 'cobh', ',', 'cork', ',', 'ireland', 'mixed', 'use', 'kpmg']",west beach cobh cork ireland west beach cobh cork ireland mixed use kpmg,8
64,,Cois Cuain,Courtmacsherry,Cork,Ireland,"Cois
Cuain, Courtmacsherry, Cork, Ireland",Residential,,Baker Tilly Ryan Glennon,"Cois Cuain Courtmacsherry Cork Ireland Cois
Cuain, Courtmacsherry, Cork, Ireland Residential nan Baker Tilly Ryan Glennon","cois cuain courtmacsherry cork ireland cois cuain, courtmacsherry, cork, ireland residential  baker tilly ryan glennon","['cois', 'cuain', 'courtmacsherry', 'cork', 'ireland', 'cois', 'cuain', ',', 'courtmacsherry', ',', 'cork', ',', 'ireland', 'residential', 'baker', 'tilly', 'ryan', 'glennon']",cois cuain courtmacsherry cork ireland cois cuain courtmacsherry cork ireland residential baker tilly ryan glennon,8
65,,Ardfield,Douglas,Cork,Ireland,"Ardfield, Douglas, Cork, Ireland",Residential,,Baker Tilly Ryan Glennon,"Ardfield Douglas Cork Ireland Ardfield, Douglas, Cork, Ireland Residential nan Baker Tilly Ryan Glennon","ardfield douglas cork ireland ardfield, douglas, cork, ireland residential  baker tilly ryan glennon","['ardfield', 'douglas', 'cork', 'ireland', 'ardfield', ',', 'douglas', ',', 'cork', ',', 'ireland', 'residential', 'baker', 'tilly', 'ryan', 'glennon']",ardfield douglas cork ireland ardfield douglas cork ireland residential baker tilly ryan glennon,8
66,,Ardfield Road,Douglas,Cork,Ireland,"Ardfield Road, Douglas, Cork, Ireland",Residential,,"National Insolvency Unit,
HBC Limerick","Ardfield Road Douglas Cork Ireland Ardfield Road, Douglas, Cork, Ireland Residential nan National Insolvency Unit,
HBC Limerick","ardfield road douglas cork ireland ardfield road, douglas, cork, ireland residential  national insolvency unit, hbc limerick","['ardfield', 'road', 'douglas', 'cork', 'ireland', 'ardfield', 'road', ',', 'douglas', ',', 'cork', ',', 'ireland', 'residential', 'national', 'insolvency', 'unit', ',', 'hbc', 'limerick']",ardfield road douglas cork ireland ardfield road douglas cork ireland residential national insolvency unit hbc limerick,8
67,,"Sunnybank,
Donnybrook",Douglas,Cork,Ireland,"Sunnybank,
Donnybrook, Douglas, Cork, Ireland",Mixed Use,,KPMG,"Sunnybank,
Donnybrook Douglas Cork Ireland Sunnybank,
Donnybrook, Douglas, Cork, Ireland Mixed Use nan KPMG","sunnybank, donnybrook douglas cork ireland sunnybank, donnybrook, douglas, cork, ireland mixed use  kpmg","['sunnybank', ',', 'donnybrook', 'douglas', 'cork', 'ireland', 'sunnybank', ',', 'donnybrook', ',', 'douglas', ',', 'cork', ',', 'ireland', 'mixed', 'use', 'kpmg']",sunnybank donnybrook douglas cork ireland sunnybank donnybrook douglas cork ireland mixed use kpmg,8
68,,Beechwood Place,Douglas Road,Cork,Ireland,"Beechwood Place, Douglas Road, Cork, Ireland",Residential,,Baker Tilly Ryan Glennon,"Beechwood Place Douglas Road Cork Ireland Beechwood Place, Douglas Road, Cork, Ireland Residential nan Baker Tilly Ryan Glennon","beechwood place douglas road cork ireland beechwood place, douglas road, cork, ireland residential  baker tilly ryan glennon","['beechwood', 'place', 'douglas', 'road', 'cork', 'ireland', 'beechwood', 'place', ',', 'douglas', 'road', ',', 'cork', ',', 'ireland', 'residential', 'baker', 'tilly', 'ryan', 'glennon']",beechwood place douglas road cork ireland beechwood place douglas road cork ireland residential baker tilly ryan glennon,8
69,,Clondulane,Fermoy,Cork,Ireland,"Clondulane, Fermoy, Cork, Ireland",Residential,,Ernst & Young,"Clondulane Fermoy Cork Ireland Clondulane, Fermoy, Cork, Ireland Residential nan Ernst & Young","clondulane fermoy cork ireland clondulane, fermoy, cork, ireland residential  ernst & young","['clondulane', 'fermoy', 'cork', 'ireland', 'clondulane', ',', 'fermoy', ',', 'cork', ',', 'ireland', 'residential', 'ernst', '&', 'young']",clondulane fermoy cork ireland clondulane fermoy cork ireland residential ernst young,8
70,,"The
Courtyard",Fota Island,Cork,Ireland,"The
Courtyard, Fota Island, Cork, Ireland",Residential,,"National Insolvency Unit,
HBC Limerick","The
Courtyard Fota Island Cork Ireland The
Courtyard, Fota Island, Cork, Ireland Residential nan National Insolvency Unit,
HBC Limerick","the courtyard fota island cork ireland the courtyard, fota island, cork, ireland residential  national insolvency unit, hbc limerick","['the', 'courtyard', 'fota', 'island', 'cork', 'ireland', 'the', 'courtyard', ',', 'fota', 'island', ',', 'cork', ',', 'ireland', 'residential', 'national', 'insolvency', 'unit', ',', 'hbc', 'limerick']",the courtyard fota island cork ireland the courtyard fota island cork ireland residential national insolvency unit hbc limerick,8
71,,Whelan's Quarry,Glanworth,Cork,Ireland,"Whelan's Quarry, Glanworth, Cork, Ireland",Other,Quarry,Grant Thornton,"Whelan's Quarry Glanworth Cork Ireland Whelan's Quarry, Glanworth, Cork, Ireland Other Quarry Grant Thornton","whelan's quarry glanworth cork ireland whelan's quarry, glanworth, cork, ireland other quarry grant thornton","['whelan', ""'s"", 'quarry', 'glanworth', 'cork', 'ireland', 'whelan', ""'s"", 'quarry', ',', 'glanworth', ',', 'cork', ',', 'ireland', 'other', 'quarry', 'grant', 'thornton']",whelan 's quarry glanworth cork ireland whelan 's quarry glanworth cork ireland other quarry grant thornton,8
72,,Ashbourne Villas,Glounthaune,Cork,Ireland,"Ashbourne Villas, Glounthaune, Cork, Ireland",Mixed Use,,KPMG,"Ashbourne Villas Glounthaune Cork Ireland Ashbourne Villas, Glounthaune, Cork, Ireland Mixed Use nan KPMG","ashbourne villas glounthaune cork ireland ashbourne villas, glounthaune, cork, ireland mixed use  kpmg","['ashbourne', 'villas', 'glounthaune', 'cork', 'ireland', 'ashbourne', 'villas', ',', 'glounthaune', ',', 'cork', ',', 'ireland', 'mixed', 'use', 'kpmg']",ashbourne villas glounthaune cork ireland ashbourne villas glounthaune cork ireland mixed use kpmg,8
73,,Clifton,Grange,Cork,Ireland,"Clifton, Grange, Cork, Ireland",Retail,,KPMG,"Clifton Grange Cork Ireland Clifton, Grange, Cork, Ireland Retail nan KPMG","clifton grange cork ireland clifton, grange, cork, ireland retail  kpmg","['clifton', 'grange', 'cork', 'ireland', 'clifton', ',', 'grange', ',', 'cork', ',', 'ireland', 'retail', 'kpmg']",clifton grange cork ireland clifton grange cork ireland retail kpmg,8
74,,The Moorings,Kilmacsimon,Cork,Ireland,"The Moorings, Kilmacsimon, Cork, Ireland",Residential,,KPMG,"The Moorings Kilmacsimon Cork Ireland The Moorings, Kilmacsimon, Cork, Ireland Residential nan KPMG","the moorings kilmacsimon cork ireland the moorings, kilmacsimon, cork, ireland residential  kpmg","['the', 'moorings', 'kilmacsimon', 'cork', 'ireland', 'the', 'moorings', ',', 'kilmacsimon', ',', 'cork', ',', 'ireland', 'residential', 'kpmg']",the moorings kilmacsimon cork ireland the moorings kilmacsimon cork ireland residential kpmg,8
75,,Courtstown,Little Island,Cork,Ireland,"Courtstown, Little Island, Cork, Ireland",Development - Not Commenced,,RSM Farrell Grant Sparks,"Courtstown Little Island Cork Ireland Courtstown, Little Island, Cork, Ireland Development - Not Commenced nan RSM Farrell Grant Sparks","courtstown little island cork ireland courtstown, little island, cork, ireland development - not commenced  rsm farrell grant sparks","['courtstown', 'little', 'island', 'cork', 'ireland', 'courtstown', ',', 'little', 'island', ',', 'cork', ',', 'ireland', 'development', '-', 'not', 'commenced', 'rsm', 'farrell', 'grant', 'sparks']",courtstown little island cork ireland courtstown little island cork ireland development not commenced rsm farrell grant sparks,8
76,,"The
Orchard",Macroom,Cork,Ireland,"The Orchard, Macroom, Cork, Ireland",Residential,,Baker Tilly Ryan Glennon,"The
Orchard Macroom Cork Ireland The Orchard, Macroom, Cork, Ireland Residential nan Baker Tilly Ryan Glennon","the orchard macroom cork ireland the orchard, macroom, cork, ireland residential  baker tilly ryan glennon","['the', 'orchard', 'macroom', 'cork', 'ireland', 'the', 'orchard', ',', 'macroom', ',', 'cork', ',', 'ireland', 'residential', 'baker', 'tilly', 'ryan', 'glennon']",the orchard macroom cork ireland the orchard macroom cork ireland residential baker tilly ryan glennon,8
77,,Codrum,Macroom,Cork,Ireland,"Codrum, Macroom, Cork, Ireland",Agricultural Land,,Baker Tilly Ryan Glennon,"Codrum Macroom Cork Ireland Codrum, Macroom, Cork, Ireland Agricultural Land nan Baker Tilly Ryan Glennon","codrum macroom cork ireland codrum, macroom, cork, ireland agricultural land  baker tilly ryan glennon","['codrum', 'macroom', 'cork', 'ireland', 'codrum', ',', 'macroom', ',', 'cork', ',', 'ireland', 'agricultural', 'land', 'baker', 'tilly', 'ryan', 'glennon']",codrum macroom cork ireland codrum macroom cork ireland agricultural land baker tilly ryan glennon,8
78,,"The
Hermitage",Macroom,Cork,Ireland,"The
Hermitage, Macroom, Cork, Ireland",Residential,,Baker Tilly Ryan Glennon,"The
Hermitage Macroom Cork Ireland The
Hermitage, Macroom, Cork, Ireland Residential nan Baker Tilly Ryan Glennon","the hermitage macroom cork ireland the hermitage, macroom, cork, ireland residential  baker tilly ryan glennon","['the', 'hermitage', 'macroom', 'cork', 'ireland', 'the', 'hermitage', ',', 'macroom', ',', 'cork', ',', 'ireland', 'residential', 'baker', 'tilly', 'ryan', 'glennon']",the hermitage macroom cork ireland the hermitage macroom cork ireland residential baker tilly ryan glennon,8
79,,College Wood,Mallow,Cork,Ireland,"College Wood, Mallow, Cork, Ireland",Residential,,Baker Tilly Ryan Glennon,"College Wood Mallow Cork Ireland College Wood, Mallow, Cork, Ireland Residential nan Baker Tilly Ryan Glennon","college wood mallow cork ireland college wood, mallow, cork, ireland residential  baker tilly ryan glennon","['college', 'wood', 'mallow', 'cork', 'ireland', 'college', 'wood', ',', 'mallow', ',', 'cork', ',', 'ireland', 'residential', 'baker', 'tilly', 'ryan', 'glennon']",college wood mallow cork ireland college wood mallow cork ireland residential baker tilly ryan glennon,8
80,,Market Square,Mallow,Cork,Ireland,"Market Square, Mallow, Cork, Ireland",Retail,,Baker Tilly Ryan Glennon,"Market Square Mallow Cork Ireland Market Square, Mallow, Cork, Ireland Retail nan Baker Tilly Ryan Glennon","market square mallow cork ireland market square, mallow, cork, ireland retail  baker tilly ryan glennon","['market', 'square', 'mallow', 'cork', 'ireland', 'market', 'square', ',', 'mallow', ',', 'cork', ',', 'ireland', 'retail', 'baker', 'tilly', 'ryan', 'glennon']",market square mallow cork ireland market square mallow cork ireland retail baker tilly ryan glennon,8
81,,Buttery Court,Mallow,Cork,Ireland,"Buttery Court, Mallow, Cork, Ireland",Residential,,Baker Tilly Ryan Glennon,"Buttery Court Mallow Cork Ireland Buttery Court, Mallow, Cork, Ireland Residential nan Baker Tilly Ryan Glennon","buttery court mallow cork ireland buttery court, mallow, cork, ireland residential  baker tilly ryan glennon","['buttery', 'court', 'mallow', 'cork', 'ireland', 'buttery', 'court', ',', 'mallow', ',', 'cork', ',', 'ireland', 'residential', 'baker', 'tilly', 'ryan', 'glennon']",buttery court mallow cork ireland buttery court mallow cork ireland residential baker tilly ryan glennon,8
82,,"Certain Units -
Bweeng Village",Mallow,Cork,Ireland,"Certain Units -
Bweeng Village, Mallow, Cork, Ireland",Development - Commenced,,Grant Thornton,"Certain Units -
Bweeng Village Mallow Cork Ireland Certain Units -
Bweeng Village, Mallow, Cork, Ireland Development - Commenced nan Grant Thornton","certain units - bweeng village mallow cork ireland certain units - bweeng village, mallow, cork, ireland development - commenced  grant thornton","['certain', 'units', '-', 'bweeng', 'village', 'mallow', 'cork', 'ireland', 'certain', 'units', '-', 'bweeng', 'village', ',', 'mallow', ',', 'cork', ',', 'ireland', 'development', '-', 'commenced', 'grant', 'thornton']",certain units bweeng village mallow cork ireland certain units bweeng village mallow cork ireland development commenced grant thornton,8
83,,"Certain Units -
Bweeng Village",Mallow,Cork,Ireland,"Certain Units -
Bweeng Village, Mallow, Cork, Ireland",Development - Not Commenced,,Grant Thornton,"Certain Units -
Bweeng Village Mallow Cork Ireland Certain Units -
Bweeng Village, Mallow, Cork, Ireland Development - Not Commenced nan Grant Thornton","certain units - bweeng village mallow cork ireland certain units - bweeng village, mallow, cork, ireland development - not commenced  grant thornton","['certain', 'units', '-', 'bweeng', 'village', 'mallow', 'cork', 'ireland', 'certain', 'units', '-', 'bweeng', 'village', ',', 'mallow', ',', 'cork', ',', 'ireland', 'development', '-', 'not', 'commenced', 'grant', 'thornton']",certain units bweeng village mallow cork ireland certain units bweeng village mallow cork ireland development not commenced grant thornton,8
84,,Whelan's Quarry,Mallow,Cork,Ireland,"Whelan's Quarry, Mallow, Cork, Ireland",Other,Quarry,Grant Thornton,"Whelan's Quarry Mallow Cork Ireland Whelan's Quarry, Mallow, Cork, Ireland Other Quarry Grant Thornton","whelan's quarry mallow cork ireland whelan's quarry, mallow, cork, ireland other quarry grant thornton","['whelan', ""'s"", 'quarry', 'mallow', 'cork', 'ireland', 'whelan', ""'s"", 'quarry', ',', 'mallow', ',', 'cork', ',', 'ireland', 'other', 'quarry', 'grant', 'thornton']",whelan 's quarry mallow cork ireland whelan 's quarry mallow cork ireland other quarry grant thornton,8
85,,Woodland Drive,Mallow,Cork,Ireland,"Woodland Drive, Mallow, Cork, Ireland",Residential,,"National Insolvency Unit,
HBC Limerick","Woodland Drive Mallow Cork Ireland Woodland Drive, Mallow, Cork, Ireland Residential nan National Insolvency Unit,
HBC Limerick","woodland drive mallow cork ireland woodland drive, mallow, cork, ireland residential  national insolvency unit, hbc limerick","['woodland', 'drive', 'mallow', 'cork', 'ireland', 'woodland', 'drive', ',', 'mallow', ',', 'cork', ',', 'ireland', 'residential', 'national', 'insolvency', 'unit', ',', 'hbc', 'limerick']",woodland drive mallow cork ireland woodland drive mallow cork ireland residential national insolvency unit hbc limerick,8
86,,Lacknalooha,Mallow,Cork,Ireland,"Lacknalooha, Mallow, Cork, Ireland",Development - Not Commenced,,PwC,"Lacknalooha Mallow Cork Ireland Lacknalooha, Mallow, Cork, Ireland Development - Not Commenced nan PwC","lacknalooha mallow cork ireland lacknalooha, mallow, cork, ireland development - not commenced  pwc","['lacknalooha', 'mallow', 'cork', 'ireland', 'lacknalooha', ',', 'mallow', ',', 'cork', ',', 'ireland', 'development', '-', 'not', 'commenced', 'pwc']",lacknalooha mallow cork ireland lacknalooha mallow cork ireland development not commenced pwc,8
87,,"Tir
Cluain",Midleton,Cork,Ireland,"Tir
Cluain, Midleton, Cork, Ireland",Residential,,Baker Tilly Ryan Glennon,"Tir
Cluain Midleton Cork Ireland Tir
Cluain, Midleton, Cork, Ireland Residential nan Baker Tilly Ryan Glennon","tir cluain midleton cork ireland tir cluain, midleton, cork, ireland residential  baker tilly ryan glennon","['tir', 'cluain', 'midleton', 'cork', 'ireland', 'tir', 'cluain', ',', 'midleton', ',', 'cork', ',', 'ireland', 'residential', 'baker', 'tilly', 'ryan', 'glennon']",tir cluain midleton cork ireland tir cluain midleton cork ireland residential baker tilly ryan glennon,8
88,,"The
Meadows",Midleton,Cork,Ireland,"The
Meadows, Midleton, Cork, Ireland",Residential,,"National Insolvency Unit,
HBC Limerick","The
Meadows Midleton Cork Ireland The
Meadows, Midleton, Cork, Ireland Residential nan National Insolvency Unit,
HBC Limerick","the meadows midleton cork ireland the meadows, midleton, cork, ireland residential  national insolvency unit, hbc limerick","['the', 'meadows', 'midleton', 'cork', 'ireland', 'the', 'meadows', ',', 'midleton', ',', 'cork', ',', 'ireland', 'residential', 'national', 'insolvency', 'unit', ',', 'hbc', 'limerick']",the meadows midleton cork ireland the meadows midleton cork ireland residential national insolvency unit hbc limerick,8
89,,Suttons Court,Mitchelstown,Cork,Ireland,"Suttons Court, Mitchelstown, Cork, Ireland",Retail,,KPMG,"Suttons Court Mitchelstown Cork Ireland Suttons Court, Mitchelstown, Cork, Ireland Retail nan KPMG","suttons court mitchelstown cork ireland suttons court, mitchelstown, cork, ireland retail  kpmg","['suttons', 'court', 'mitchelstown', 'cork', 'ireland', 'suttons', 'court', ',', 'mitchelstown', ',', 'cork', ',', 'ireland', 'retail', 'kpmg']",suttons court mitchelstown cork ireland suttons court mitchelstown cork ireland retail kpmg,8
90,,Rockville,Montenotte,Cork,Ireland,"Rockville, Montenotte, Cork, Ireland",Development - Commenced,,KPMG,"Rockville Montenotte Cork Ireland Rockville, Montenotte, Cork, Ireland Development - Commenced nan KPMG","rockville montenotte cork ireland rockville, montenotte, cork, ireland development - commenced  kpmg","['rockville', 'montenotte', 'cork', 'ireland', 'rockville', ',', 'montenotte', ',', 'cork', ',', 'ireland', 'development', '-', 'commenced', 'kpmg']",rockville montenotte cork ireland rockville montenotte cork ireland development commenced kpmg,8
91,,Rooskagh Valley,Shanagarry,Cork,Ireland,"Rooskagh Valley, Shanagarry, Cork, Ireland",Residential,,Ernst & Young,"Rooskagh Valley Shanagarry Cork Ireland Rooskagh Valley, Shanagarry, Cork, Ireland Residential nan Ernst & Young","rooskagh valley shanagarry cork ireland rooskagh valley, shanagarry, cork, ireland residential  ernst & young","['rooskagh', 'valley', 'shanagarry', 'cork', 'ireland', 'rooskagh', 'valley', ',', 'shanagarry', ',', 'cork', ',', 'ireland', 'residential', 'ernst', '&', 'young']",rooskagh valley shanagarry cork ireland rooskagh valley shanagarry cork ireland residential ernst young,8
92,,"Ard
Shionnach",Shanakiel,Cork,Ireland,"Ard
Shionnach, Shanakiel, Cork, Ireland",Residential,,Baker Tilly Ryan Glennon,"Ard
Shionnach Shanakiel Cork Ireland Ard
Shionnach, Shanakiel, Cork, Ireland Residential nan Baker Tilly Ryan Glennon","ard shionnach shanakiel cork ireland ard shionnach, shanakiel, cork, ireland residential  baker tilly ryan glennon","['ard', 'shionnach', 'shanakiel', 'cork', 'ireland', 'ard', 'shionnach', ',', 'shanakiel', ',', 'cork', ',', 'ireland', 'residential', 'baker', 'tilly', 'ryan', 'glennon']",ard shionnach shanakiel cork ireland ard shionnach shanakiel cork ireland residential baker tilly ryan glennon,8
93,,Townsend Street,Skibbereen,Cork,Ireland,"Townsend Street, Skibbereen, Cork, Ireland",Mixed Use,,KPMG,"Townsend Street Skibbereen Cork Ireland Townsend Street, Skibbereen, Cork, Ireland Mixed Use nan KPMG","townsend street skibbereen cork ireland townsend street, skibbereen, cork, ireland mixed use  kpmg","['townsend', 'street', 'skibbereen', 'cork', 'ireland', 'townsend', 'street', ',', 'skibbereen', ',', 'cork', ',', 'ireland', 'mixed', 'use', 'kpmg']",townsend street skibbereen cork ireland townsend street skibbereen cork ireland mixed use kpmg,8
94,,The Bower,Timoleague,Cork,Ireland,"The Bower, Timoleague, Cork, Ireland",Other,"Disused
quarry/forestry",Baker Tilly Ryan Glennon,"The Bower Timoleague Cork Ireland The Bower, Timoleague, Cork, Ireland Other Disused
quarry/forestry Baker Tilly Ryan Glennon","the bower timoleague cork ireland the bower, timoleague, cork, ireland other disused quarry/forestry baker tilly ryan glennon","['the', 'bower', 'timoleague', 'cork', 'ireland', 'the', 'bower', ',', 'timoleague', ',', 'cork', ',', 'ireland', 'other', 'disused', 'quarry/forestry', 'baker', 'tilly', 'ryan', 'glennon']",the bower timoleague cork ireland the bower timoleague cork ireland other disused quarry/forestry baker tilly ryan glennon,8
95,,"City
Square",Watercourse Road,Cork,Ireland,"City
Square, Watercourse Road, Cork, Ireland",Mixed Use,,Grant Thornton,"City
Square Watercourse Road Cork Ireland City
Square, Watercourse Road, Cork, Ireland Mixed Use nan Grant Thornton","city square watercourse road cork ireland city square, watercourse road, cork, ireland mixed use  grant thornton","['city', 'square', 'watercourse', 'road', 'cork', 'ireland', 'city', 'square', ',', 'watercourse', 'road', ',', 'cork', ',', 'ireland', 'mixed', 'use', 'grant', 'thornton']",city square watercourse road cork ireland city square watercourse road cork ireland mixed use grant thornton,8
96,,Earls Well,Waterfall,Cork,Ireland,"Earls Well, Waterfall, Cork, Ireland",Development - Commenced,,Baker Tilly Ryan Glennon,"Earls Well Waterfall Cork Ireland Earls Well, Waterfall, Cork, Ireland Development - Commenced nan Baker Tilly Ryan Glennon","earls well waterfall cork ireland earls well, waterfall, cork, ireland development - commenced  baker tilly ryan glennon","['earls', 'well', 'waterfall', 'cork', 'ireland', 'earls', 'well', ',', 'waterfall', ',', 'cork', ',', 'ireland', 'development', '-', 'commenced', 'baker', 'tilly', 'ryan', 'glennon']",earls well waterfall cork ireland earls well waterfall cork ireland development commenced baker tilly ryan glennon,8
97,,Redbarn,Youghal,Cork,Ireland,"Redbarn, Youghal, Cork, Ireland",Hotel,,Ernst & Young,"Redbarn Youghal Cork Ireland Redbarn, Youghal, Cork, Ireland Hotel nan Ernst & Young","redbarn youghal cork ireland redbarn, youghal, cork, ireland hotel  ernst & young","['redbarn', 'youghal', 'cork', 'ireland', 'redbarn', ',', 'youghal', ',', 'cork', ',', 'ireland', 'hotel', 'ernst', '&', 'young']",redbarn youghal cork ireland redbarn youghal cork ireland hotel ernst young,8
98,,Castletownshend,,Cork,Ireland,"Castletownshend, Cork, Ireland",Agricultural Land,,Baker Tilly Ryan Glennon,"Castletownshend nan Cork Ireland Castletownshend, Cork, Ireland Agricultural Land nan Baker Tilly Ryan Glennon","castletownshend  cork ireland castletownshend, cork, ireland agricultural land  baker tilly ryan glennon","['castletownshend', 'cork', 'ireland', 'castletownshend', ',', 'cork', ',', 'ireland', 'agricultural', 'land', 'baker', 'tilly', 'ryan', 'glennon']",castletownshend cork ireland castletownshend cork ireland agricultural land baker tilly ryan glennon,8
99,,Mitchelstown,,Cork,Ireland,"Mitchelstown, Cork, Ireland",Agricultural Land,,Baker Tilly Ryan Glennon,"Mitchelstown nan Cork Ireland Mitchelstown, Cork, Ireland Agricultural Land nan Baker Tilly Ryan Glennon","mitchelstown  cork ireland mitchelstown, cork, ireland agricultural land  baker tilly ryan glennon","['mitchelstown', 'cork', 'ireland', 'mitchelstown', ',', 'cork', ',', 'ireland', 'agricultural', 'land', 'baker', 'tilly', 'ryan', 'glennon']",mitchelstown cork ireland mitchelstown cork ireland agricultural land baker tilly ryan glennon,8
100,,Castlemartyr,,Cork,Ireland,"Castlemartyr, Cork, Ireland",Development - Not Commenced,,Grant Thornton,"Castlemartyr nan Cork Ireland Castlemartyr, Cork, Ireland Development - Not Commenced nan Grant Thornton","castlemartyr  cork ireland castlemartyr, cork, ireland development - not commenced  grant thornton","['castlemartyr', 'cork', 'ireland', 'castlemartyr', ',', 'cork', ',', 'ireland', 'development', '-', 'not', 'commenced', 'grant', 'thornton']",castlemartyr cork ireland castlemartyr cork ireland development not commenced grant thornton,8
101,,Conna,,Cork,Ireland,"Conna, Cork, Ireland",Development - Not Commenced,,Grant Thornton,"Conna nan Cork Ireland Conna, Cork, Ireland Development - Not Commenced nan Grant Thornton","conna  cork ireland conna, cork, ireland development - not commenced  grant thornton","['conna', 'cork', 'ireland', 'conna', ',', 'cork', ',', 'ireland', 'development', '-', 'not', 'commenced', 'grant', 'thornton']",conna cork ireland conna cork ireland development not commenced grant thornton,8
102,,Grand Parade,,Cork,Ireland,"Grand Parade, Cork, Ireland",Mixed Use,,KPMG,"Grand Parade nan Cork Ireland Grand Parade, Cork, Ireland Mixed Use nan KPMG","grand parade  cork ireland grand parade, cork, ireland mixed use  kpmg","['grand', 'parade', 'cork', 'ireland', 'grand', 'parade', ',', 'cork', ',', 'ireland', 'mixed', 'use', 'kpmg']",grand parade cork ireland grand parade cork ireland mixed use kpmg,8
103,,"Certrain units at
Grand Parade",,Cork,Ireland,"Grand Parade, Cork, Ireland",Mixed Use,,KPMG,"Certrain units at
Grand Parade nan Cork Ireland Grand Parade, Cork, Ireland Mixed Use nan KPMG","certrain units at grand parade  cork ireland grand parade, cork, ireland mixed use  kpmg","['certrain', 'units', 'at', 'grand', 'parade', 'cork', 'ireland', 'grand', 'parade', ',', 'cork', ',', 'ireland', 'mixed', 'use', 'kpmg']",certrain units at grand parade cork ireland grand parade cork ireland mixed use kpmg,8
104,,Grand Parade,,Cork,Ireland,"Grand Parade, Cork, Ireland",Development - Not Commenced,,KPMG,"Grand Parade nan Cork Ireland Grand Parade, Cork, Ireland Development - Not Commenced nan KPMG","grand parade  cork ireland grand parade, cork, ireland development - not commenced  kpmg","['grand', 'parade', 'cork', 'ireland', 'grand', 'parade', ',', 'cork', ',', 'ireland', 'development', '-', 'not', 'commenced', 'kpmg']",grand parade cork ireland grand parade cork ireland development not commenced kpmg,8
105,,South Main Street,,Cork,Ireland,"South Main Street, Cork, Ireland",Mixed Use,,KPMG,"South Main Street nan Cork Ireland South Main Street, Cork, Ireland Mixed Use nan KPMG","south main street  cork ireland south main street, cork, ireland mixed use  kpmg","['south', 'main', 'street', 'cork', 'ireland', 'south', 'main', 'street', ',', 'cork', ',', 'ireland', 'mixed', 'use', 'kpmg']",south main street cork ireland south main street cork ireland mixed use kpmg,8
106,,South Main Street,,Cork,Ireland,"South Main Street, Cork, Ireland",Development - Not Commenced,,KPMG,"South Main Street nan Cork Ireland South Main Street, Cork, Ireland Development - Not Commenced nan KPMG","south main street  cork ireland south main street, cork, ireland development - not commenced  kpmg","['south', 'main', 'street', 'cork', 'ireland', 'south', 'main', 'street', ',', 'cork', ',', 'ireland', 'development', '-', 'not', 'commenced', 'kpmg']",south main street cork ireland south main street cork ireland development not commenced kpmg,8
107,,Fota Island,,Cork,Ireland,"Fota Island, Cork, Ireland",Hotel,,PwC,"Fota Island nan Cork Ireland Fota Island, Cork, Ireland Hotel nan PwC","fota island  cork ireland fota island, cork, ireland hotel  pwc","['fota', 'island', 'cork', 'ireland', 'fota', 'island', ',', 'cork', ',', 'ireland', 'hotel', 'pwc']",fota island cork ireland fota island cork ireland hotel pwc,8
108,,Fota Island,,Cork,Ireland,"Fota Island, Cork, Ireland",Other,Golf Courses,PwC,"Fota Island nan Cork Ireland Fota Island, Cork, Ireland Other Golf Courses PwC","fota island  cork ireland fota island, cork, ireland other golf courses pwc","['fota', 'island', 'cork', 'ireland', 'fota', 'island', ',', 'cork', ',', 'ireland', 'other', 'golf', 'courses', 'pwc']",fota island cork ireland fota island cork ireland other golf courses pwc,8
109,,"Fota
Island",,Cork,Ireland,"Fota
Island, Cork, Ireland",Other,Holiday Cottages,PwC,"Fota
Island nan Cork Ireland Fota
Island, Cork, Ireland Other Holiday Cottages PwC","fota island  cork ireland fota island, cork, ireland other holiday cottages pwc","['fota', 'island', 'cork', 'ireland', 'fota', 'island', ',', 'cork', ',', 'ireland', 'other', 'holiday', 'cottages', 'pwc']",fota island cork ireland fota island cork ireland other holiday cottages pwc,8
110,,Fota Island,,Cork,Ireland,"Fota Island, Cork, Ireland",Other,Hotel & Golf Course,PwC,"Fota Island nan Cork Ireland Fota Island, Cork, Ireland Other Hotel & Golf Course PwC","fota island  cork ireland fota island, cork, ireland other hotel & golf course pwc","['fota', 'island', 'cork', 'ireland', 'fota', 'island', ',', 'cork', ',', 'ireland', 'other', 'hotel', '&', 'golf', 'course', 'pwc']",fota island cork ireland fota island cork ireland other hotel golf course pwc,8
111,,Grand Parade,,Cork,Ireland,"Grand Parade, Cork, Ireland",Mixed Use,,Ernst & Young,"Grand Parade nan Cork Ireland Grand Parade, Cork, Ireland Mixed Use nan Ernst & Young","grand parade  cork ireland grand parade, cork, ireland mixed use  ernst & young","['grand', 'parade', 'cork', 'ireland', 'grand', 'parade', ',', 'cork', ',', 'ireland', 'mixed', 'use', 'ernst', '&', 'young']",grand parade cork ireland grand parade cork ireland mixed use ernst young,8
112,,Grand Parade,,Cork,Ireland,"Grand Parade, Cork, Ireland",Retail,,Ernst & Young,"Grand Parade nan Cork Ireland Grand Parade, Cork, Ireland Retail nan Ernst & Young","grand parade  cork ireland grand parade, cork, ireland retail  ernst & young","['grand', 'parade', 'cork', 'ireland', 'grand', 'parade', ',', 'cork', ',', 'ireland', 'retail', 'ernst', '&', 'young']",grand parade cork ireland grand parade cork ireland retail ernst young,8
