,human_suggested_id,address1,address2,address3,country,fulladdress,assetdescription,additionalassetdescription,receiversfirm,concat,concat_clean,token,token_clean,label
654,,Junction Road,,Andover,Great Britain,"Junction Road, Andover, Great Britain",Retail,,GVA,"Junction Road nan Andover Great Britain Junction Road, Andover, Great Britain Retail nan GVA","junction road  andover great britain junction road, andover, great britain retail  gva","['junction', 'road', 'andover', 'great', 'britain', 'junction', 'road', ',', 'andover', ',', 'great', 'britain', 'retail', 'gva']",junction road andover great britain junction road andover great britain retail gva,13
655,,"Brookfield
Apartments, Leigh
Road",,Atherton M46 0NW,Great Britain,"Brookfield
Apartments, Leigh
Road, Atherton M46 0NW, Great Britain",Residential,,KPMG,"Brookfield
Apartments, Leigh
Road nan Atherton M46 0NW Great Britain Brookfield
Apartments, Leigh
Road, Atherton M46 0NW, Great Britain Residential nan KPMG","brookfield apartments, leigh road  atherton m46 0nw great britain brookfield apartments, leigh road, atherton m46 0nw, great britain residential  kpmg","['brookfield', 'apartments', ',', 'leigh', 'road', 'atherton', 'm46', '0nw', 'great', 'britain', 'brookfield', 'apartments', ',', 'leigh', 'road', ',', 'atherton', 'm46', '0nw', ',', 'great', 'britain', 'residential', 'kpmg']",brookfield apartments leigh road atherton m46 0nw great britain brookfield apartments leigh road atherton m46 0nw great britain residential kpmg,13
657,,The Heights,St John's Street,Bedford,Great Britain,"The Heights, St John's Street, Bedford, Great Britain",Mixed Use,,Edward Symmons LLP,"The Heights St John's Street Bedford Great Britain The Heights, St John's Street, Bedford, Great Britain Mixed Use nan Edward Symmons LLP","the heights st john's street bedford great britain the heights, st john's street, bedford, great britain mixed use  edward symmons llp","['the', 'heights', 'st', 'john', ""'s"", 'street', 'bedford', 'great', 'britain', 'the', 'heights', ',', 'st', 'john', ""'s"", 'street', ',', 'bedford', ',', 'great', 'britain', 'mixed', 'use', 'edward', 'symmons', 'llp']",the heights st john 's street bedford great britain the heights st john 's street bedford great britain mixed use edward symmons llp,13
658,,"Concorde Business
Park",Maidenhead,Berkshire,Great Britain,"Concorde Business
Park, Maidenhead, Berkshire, Great Britain",Office,,Colliers International,"Concorde Business
Park Maidenhead Berkshire Great Britain Concorde Business
Park, Maidenhead, Berkshire, Great Britain Office nan Colliers International","concorde business park maidenhead berkshire great britain concorde business park, maidenhead, berkshire, great britain office  colliers international","['concorde', 'business', 'park', 'maidenhead', 'berkshire', 'great', 'britain', 'concorde', 'business', 'park', ',', 'maidenhead', ',', 'berkshire', ',', 'great', 'britain', 'office', 'colliers', 'international']",concorde business park maidenhead berkshire great britain concorde business park maidenhead berkshire great britain office colliers international,13
660,,High Steet,Harborne,Birmingham,Great Britain,"High Steet, Harborne, Birmingham, Great Britain",Residential,,Deloitte LLP,"High Steet Harborne Birmingham Great Britain High Steet, Harborne, Birmingham, Great Britain Residential nan Deloitte LLP","high steet harborne birmingham great britain high steet, harborne, birmingham, great britain residential  deloitte llp","['high', 'steet', 'harborne', 'birmingham', 'great', 'britain', 'high', 'steet', ',', 'harborne', ',', 'birmingham', ',', 'great', 'britain', 'residential', 'deloitte', 'llp']",high steet harborne birmingham great britain high steet harborne birmingham great britain residential deloitte llp,13
661,,Irving Street,,Birmingham,Great Britain,"Irving Street, Birmingham, Great Britain",Residential,,KPMG LLP,"Irving Street nan Birmingham Great Britain Irving Street, Birmingham, Great Britain Residential nan KPMG LLP","irving street  birmingham great britain irving street, birmingham, great britain residential  kpmg llp","['irving', 'street', 'birmingham', 'great', 'britain', 'irving', 'street', ',', 'birmingham', ',', 'great', 'britain', 'residential', 'kpmg', 'llp']",irving street birmingham great britain irving street birmingham great britain residential kpmg llp,13
662,,Irving Street,,Birmingham,Great Britain,"Irving Street, Birmingham, Great Britain",Development - Not Commenced,,KPMG LLP,"Irving Street nan Birmingham Great Britain Irving Street, Birmingham, Great Britain Development - Not Commenced nan KPMG LLP","irving street  birmingham great britain irving street, birmingham, great britain development - not commenced  kpmg llp","['irving', 'street', 'birmingham', 'great', 'britain', 'irving', 'street', ',', 'birmingham', ',', 'great', 'britain', 'development', '-', 'not', 'commenced', 'kpmg', 'llp']",irving street birmingham great britain irving street birmingham great britain development not commenced kpmg llp,13
663,,Connaught Square,Digbeth,Birmingham B5 6HA,Great Britain,"Connaught Square, Digbeth, Birmingham B5 6HA, Great Britain",Development - Not Commenced,,Begbies Traynor,"Connaught Square Digbeth Birmingham B5 6HA Great Britain Connaught Square, Digbeth, Birmingham B5 6HA, Great Britain Development - Not Commenced nan Begbies Traynor","connaught square digbeth birmingham b5 6ha great britain connaught square, digbeth, birmingham b5 6ha, great britain development - not commenced  begbies traynor","['connaught', 'square', 'digbeth', 'birmingham', 'b5', '6ha', 'great', 'britain', 'connaught', 'square', ',', 'digbeth', ',', 'birmingham', 'b5', '6ha', ',', 'great', 'britain', 'development', '-', 'not', 'commenced', 'begbies', 'traynor']",connaught square digbeth birmingham b5 6ha great britain connaught square digbeth birmingham b5 6ha great britain development not commenced begbies traynor,13
666,,"Denbigh Road,",,"Bletchley, MK1 1",Great Britain,"Denbigh Road,, Bletchley, MK1 1, Great Britain",Industrial,,Capita Symonds,"Denbigh Road, nan Bletchley, MK1 1 Great Britain Denbigh Road,, Bletchley, MK1 1, Great Britain Industrial nan Capita Symonds","denbigh road,  bletchley, mk1 1 great britain denbigh road,, bletchley, mk1 1, great britain industrial  capita symonds","['denbigh', 'road', ',', 'bletchley', ',', 'mk1', '1', 'great', 'britain', 'denbigh', 'road,', ',', 'bletchley', ',', 'mk1', '1', ',', 'great', 'britain', 'industrial', 'capita', 'symonds']","denbigh road bletchley mk1 1 great britain denbigh road, bletchley mk1 1 great britain industrial capita symonds",13
667,,Bridge Street,,Blyth,Great Britain,"Bridge Street, Blyth, Great Britain",Retail,,KPMG LLP,"Bridge Street nan Blyth Great Britain Bridge Street, Blyth, Great Britain Retail nan KPMG LLP","bridge street  blyth great britain bridge street, blyth, great britain retail  kpmg llp","['bridge', 'street', 'blyth', 'great', 'britain', 'bridge', 'street', ',', 'blyth', ',', 'great', 'britain', 'retail', 'kpmg', 'llp']",bridge street blyth great britain bridge street blyth great britain retail kpmg llp,13
668,,Bridge Street,,Blyth,Great Britain,"Bridge Street, Blyth, Great Britain",Retail,,KPMG LLP,"Bridge Street nan Blyth Great Britain Bridge Street, Blyth, Great Britain Retail nan KPMG LLP","bridge street  blyth great britain bridge street, blyth, great britain retail  kpmg llp","['bridge', 'street', 'blyth', 'great', 'britain', 'bridge', 'street', ',', 'blyth', ',', 'great', 'britain', 'retail', 'kpmg', 'llp']",bridge street blyth great britain bridge street blyth great britain retail kpmg llp,13
678,,Main Street,,Coatbridge,Great Britain,"Main Street, Coatbridge, Great Britain",Retail,,KPMG LLP,"Main Street nan Coatbridge Great Britain Main Street, Coatbridge, Great Britain Retail nan KPMG LLP","main street  coatbridge great britain main street, coatbridge, great britain retail  kpmg llp","['main', 'street', 'coatbridge', 'great', 'britain', 'main', 'street', ',', 'coatbridge', ',', 'great', 'britain', 'retail', 'kpmg', 'llp']",main street coatbridge great britain main street coatbridge great britain retail kpmg llp,13
679,,Dingwall Road,,"Croydon, CR9 3",Great Britain,"Dingwall Road, Croydon, CR9 3, Great Britain",Development - Not Commenced,,Capita Symonds,"Dingwall Road nan Croydon, CR9 3 Great Britain Dingwall Road, Croydon, CR9 3, Great Britain Development - Not Commenced nan Capita Symonds","dingwall road  croydon, cr9 3 great britain dingwall road, croydon, cr9 3, great britain development - not commenced  capita symonds","['dingwall', 'road', 'croydon', ',', 'cr9', '3', 'great', 'britain', 'dingwall', 'road', ',', 'croydon', ',', 'cr9', '3', ',', 'great', 'britain', 'development', '-', 'not', 'commenced', 'capita', 'symonds']",dingwall road croydon cr9 3 great britain dingwall road croydon cr9 3 great britain development not commenced capita symonds,13
680,,High Road,Whiteheaven,Cumbria,Great Britain,"High Road, Whiteheaven, Cumbria, Great Britain",Industrial,,BDO Northern Ireland,"High Road Whiteheaven Cumbria Great Britain High Road, Whiteheaven, Cumbria, Great Britain Industrial nan BDO Northern Ireland","high road whiteheaven cumbria great britain high road, whiteheaven, cumbria, great britain industrial  bdo northern ireland","['high', 'road', 'whiteheaven', 'cumbria', 'great', 'britain', 'high', 'road', ',', 'whiteheaven', ',', 'cumbria', ',', 'great', 'britain', 'industrial', 'bdo', 'northern', 'ireland']",high road whiteheaven cumbria great britain high road whiteheaven cumbria great britain industrial bdo northern ireland,13
681,,"The
Village","Maisies Way, South
Normanton","Derbshire, DE55 2DS",Great Britain,"The Village, Maisies Way, South
Normanton, Derbshire, DE55 2DS, Great Britain",Office,,Deloitte LLP,"The
Village Maisies Way, South
Normanton Derbshire, DE55 2DS Great Britain The Village, Maisies Way, South
Normanton, Derbshire, DE55 2DS, Great Britain Office nan Deloitte LLP","the village maisies way, south normanton derbshire, de55 2ds great britain the village, maisies way, south normanton, derbshire, de55 2ds, great britain office  deloitte llp","['the', 'village', 'maisies', 'way', ',', 'south', 'normanton', 'derbshire', ',', 'de55', '2ds', 'great', 'britain', 'the', 'village', ',', 'maisies', 'way', ',', 'south', 'normanton', ',', 'derbshire', ',', 'de55', '2ds', ',', 'great', 'britain', 'office', 'deloitte', 'llp']",the village maisies way south normanton derbshire de55 2ds great britain the village maisies way south normanton derbshire de55 2ds great britain office deloitte llp,13
683,,Caveland Farm,South Molton,Devon EX36 4JB,Great Britain,"Caveland Farm, South Molton, Devon EX36 4JB, Great Britain",Development - Commenced,,Irvine Nott LLP,"Caveland Farm South Molton Devon EX36 4JB Great Britain Caveland Farm, South Molton, Devon EX36 4JB, Great Britain Development - Commenced nan Irvine Nott LLP","caveland farm south molton devon ex36 4jb great britain caveland farm, south molton, devon ex36 4jb, great britain development - commenced  irvine nott llp","['caveland', 'farm', 'south', 'molton', 'devon', 'ex36', '4jb', 'great', 'britain', 'caveland', 'farm', ',', 'south', 'molton', ',', 'devon', 'ex36', '4jb', ',', 'great', 'britain', 'development', '-', 'commenced', 'irvine', 'nott', 'llp']",caveland farm south molton devon ex36 4jb great britain caveland farm south molton devon ex36 4jb great britain development commenced irvine nott llp,13
684,,Longbrook Street,Exeter,Devon EX4 6AE,Great Britain,"Longbrook Street, Exeter, Devon EX4 6AE, Great Britain",Development - Not Commenced,,Irvine Nott LLP,"Longbrook Street Exeter Devon EX4 6AE Great Britain Longbrook Street, Exeter, Devon EX4 6AE, Great Britain Development - Not Commenced nan Irvine Nott LLP","longbrook street exeter devon ex4 6ae great britain longbrook street, exeter, devon ex4 6ae, great britain development - not commenced  irvine nott llp","['longbrook', 'street', 'exeter', 'devon', 'ex4', '6ae', 'great', 'britain', 'longbrook', 'street', ',', 'exeter', ',', 'devon', 'ex4', '6ae', ',', 'great', 'britain', 'development', '-', 'not', 'commenced', 'irvine', 'nott', 'llp']",longbrook street exeter devon ex4 6ae great britain longbrook street exeter devon ex4 6ae great britain development not commenced irvine nott llp,13
686,,Briars Lane,Stainforth,Doncaster,Great Britain,"Briars Lane, Stainforth, Doncaster, Great Britain",Development - not commenced,,GVA,"Briars Lane Stainforth Doncaster Great Britain Briars Lane, Stainforth, Doncaster, Great Britain Development - not commenced nan GVA","briars lane stainforth doncaster great britain briars lane, stainforth, doncaster, great britain development - not commenced  gva","['briars', 'lane', 'stainforth', 'doncaster', 'great', 'britain', 'briars', 'lane', ',', 'stainforth', ',', 'doncaster', ',', 'great', 'britain', 'development', '-', 'not', 'commenced', 'gva']",briars lane stainforth doncaster great britain briars lane stainforth doncaster great britain development not commenced gva,13
689,,"The Crest, Hillcrest
Road",Newhaven,East Sussex BN9 9EA,Great Britain,"The Crest, Hillcrest
Road, Newhaven, East Sussex BN9 9EA, Great Britain",Residential,,RSM Tenon Recovery,"The Crest, Hillcrest
Road Newhaven East Sussex BN9 9EA Great Britain The Crest, Hillcrest
Road, Newhaven, East Sussex BN9 9EA, Great Britain Residential nan RSM Tenon Recovery","the crest, hillcrest road newhaven east sussex bn9 9ea great britain the crest, hillcrest road, newhaven, east sussex bn9 9ea, great britain residential  rsm tenon recovery","['the', 'crest', ',', 'hillcrest', 'road', 'newhaven', 'east', 'sussex', 'bn9', '9ea', 'great', 'britain', 'the', 'crest', ',', 'hillcrest', 'road', ',', 'newhaven', ',', 'east', 'sussex', 'bn9', '9ea', ',', 'great', 'britain', 'residential', 'rsm', 'tenon', 'recovery']",the crest hillcrest road newhaven east sussex bn9 9ea great britain the crest hillcrest road newhaven east sussex bn9 9ea great britain residential rsm tenon recovery,13
692,,Wood Street,Chelmsford,Essex,Great Britain,"Wood Street, Chelmsford, Essex, Great Britain",Development - Not Commenced,,GVA,"Wood Street Chelmsford Essex Great Britain Wood Street, Chelmsford, Essex, Great Britain Development - Not Commenced nan GVA","wood street chelmsford essex great britain wood street, chelmsford, essex, great britain development - not commenced  gva","['wood', 'street', 'chelmsford', 'essex', 'great', 'britain', 'wood', 'street', ',', 'chelmsford', ',', 'essex', ',', 'great', 'britain', 'development', '-', 'not', 'commenced', 'gva']",wood street chelmsford essex great britain wood street chelmsford essex great britain development not commenced gva,13
693,,East Street,,"Farnham, GU9 7",Great Britain,"East Street, Farnham, GU9 7, Great Britain",Office,,Capita Symonds,"East Street nan Farnham, GU9 7 Great Britain East Street, Farnham, GU9 7, Great Britain Office nan Capita Symonds","east street  farnham, gu9 7 great britain east street, farnham, gu9 7, great britain office  capita symonds","['east', 'street', 'farnham', ',', 'gu9', '7', 'great', 'britain', 'east', 'street', ',', 'farnham', ',', 'gu9', '7', ',', 'great', 'britain', 'office', 'capita', 'symonds']",east street farnham gu9 7 great britain east street farnham gu9 7 great britain office capita symonds,13
694,,Argyle Street,,Glasgow,Great Britain,"Argyle Street, Glasgow, Great Britain",Development - Not Commenced,,KPMG LLP,"Argyle Street nan Glasgow Great Britain Argyle Street, Glasgow, Great Britain Development - Not Commenced nan KPMG LLP","argyle street  glasgow great britain argyle street, glasgow, great britain development - not commenced  kpmg llp","['argyle', 'street', 'glasgow', 'great', 'britain', 'argyle', 'street', ',', 'glasgow', ',', 'great', 'britain', 'development', '-', 'not', 'commenced', 'kpmg', 'llp']",argyle street glasgow great britain argyle street glasgow great britain development not commenced kpmg llp,13
695,,York Street,,Glasgow,Great Britain,"York Street, Glasgow, Great Britain",Development - Not Commenced,,KPMG LLP,"York Street nan Glasgow Great Britain York Street, Glasgow, Great Britain Development - Not Commenced nan KPMG LLP","york street  glasgow great britain york street, glasgow, great britain development - not commenced  kpmg llp","['york', 'street', 'glasgow', 'great', 'britain', 'york', 'street', ',', 'glasgow', ',', 'great', 'britain', 'development', '-', 'not', 'commenced', 'kpmg', 'llp']",york street glasgow great britain york street glasgow great britain development not commenced kpmg llp,13
696,,Robertson Street,,Glasgow,Great Britain,"Robertson Street, Glasgow, Great Britain",Development - Not Commenced,,KPMG LLP,"Robertson Street nan Glasgow Great Britain Robertson Street, Glasgow, Great Britain Development - Not Commenced nan KPMG LLP","robertson street  glasgow great britain robertson street, glasgow, great britain development - not commenced  kpmg llp","['robertson', 'street', 'glasgow', 'great', 'britain', 'robertson', 'street', ',', 'glasgow', ',', 'great', 'britain', 'development', '-', 'not', 'commenced', 'kpmg', 'llp']",robertson street glasgow great britain robertson street glasgow great britain development not commenced kpmg llp,13
697,,Robertson Lane,,Glasgow,Great Britain,"Robertson Lane, Glasgow, Great Britain",Development - Not Commenced,,KPMG LLP,"Robertson Lane nan Glasgow Great Britain Robertson Lane, Glasgow, Great Britain Development - Not Commenced nan KPMG LLP","robertson lane  glasgow great britain robertson lane, glasgow, great britain development - not commenced  kpmg llp","['robertson', 'lane', 'glasgow', 'great', 'britain', 'robertson', 'lane', ',', 'glasgow', ',', 'great', 'britain', 'development', '-', 'not', 'commenced', 'kpmg', 'llp']",robertson lane glasgow great britain robertson lane glasgow great britain development not commenced kpmg llp,13
699,,West Blackhall Street,,Greenock,Great Britain,"West Blackhall Street, Greenock, Great Britain",Retail,,KPMG LLP,"West Blackhall Street nan Greenock Great Britain West Blackhall Street, Greenock, Great Britain Retail nan KPMG LLP","west blackhall street  greenock great britain west blackhall street, greenock, great britain retail  kpmg llp","['west', 'blackhall', 'street', 'greenock', 'great', 'britain', 'west', 'blackhall', 'street', ',', 'greenock', ',', 'great', 'britain', 'retail', 'kpmg', 'llp']",west blackhall street greenock great britain west blackhall street greenock great britain retail kpmg llp,13
711,,The Mill,,Ipswich,Great Britain,"The Mill, Ipswich, Great Britain",Residential,,Baker Tilly Ryan Glennon,"The Mill nan Ipswich Great Britain The Mill, Ipswich, Great Britain Residential nan Baker Tilly Ryan Glennon","the mill  ipswich great britain the mill, ipswich, great britain residential  baker tilly ryan glennon","['the', 'mill', 'ipswich', 'great', 'britain', 'the', 'mill', ',', 'ipswich', ',', 'great', 'britain', 'residential', 'baker', 'tilly', 'ryan', 'glennon']",the mill ipswich great britain the mill ipswich great britain residential baker tilly ryan glennon,13
712,,Sproughton Road,,Ipswich,Great Britain,"Sproughton Road, Ipswich, Great Britain",Development - Not Commenced,,Allsop LLP,"Sproughton Road nan Ipswich Great Britain Sproughton Road, Ipswich, Great Britain Development - Not Commenced nan Allsop LLP","sproughton road  ipswich great britain sproughton road, ipswich, great britain development - not commenced  allsop llp","['sproughton', 'road', 'ipswich', 'great', 'britain', 'sproughton', 'road', ',', 'ipswich', ',', 'great', 'britain', 'development', '-', 'not', 'commenced', 'allsop', 'llp']",sproughton road ipswich great britain sproughton road ipswich great britain development not commenced allsop llp,13
713,,Regatta Quay,,Ipswich,Great Britain,"Regatta Quay, Ipswich, Great Britain",Development - Commenced,,Grant Thornton,"Regatta Quay nan Ipswich Great Britain Regatta Quay, Ipswich, Great Britain Development - Commenced nan Grant Thornton","regatta quay  ipswich great britain regatta quay, ipswich, great britain development - commenced  grant thornton","['regatta', 'quay', 'ipswich', 'great', 'britain', 'regatta', 'quay', ',', 'ipswich', ',', 'great', 'britain', 'development', '-', 'commenced', 'grant', 'thornton']",regatta quay ipswich great britain regatta quay ipswich great britain development commenced grant thornton,13
719,,Liberty House,"Yard, Highgate",Kendal,Great Britain,"Liberty House, Yard, Highgate, Kendal, Great Britain",Mixed Use,,Edward Symmons LLP,"Liberty House Yard, Highgate Kendal Great Britain Liberty House, Yard, Highgate, Kendal, Great Britain Mixed Use nan Edward Symmons LLP","liberty house yard, highgate kendal great britain liberty house, yard, highgate, kendal, great britain mixed use  edward symmons llp","['liberty', 'house', 'yard', ',', 'highgate', 'kendal', 'great', 'britain', 'liberty', 'house', ',', 'yard', ',', 'highgate', ',', 'kendal', ',', 'great', 'britain', 'mixed', 'use', 'edward', 'symmons', 'llp']",liberty house yard highgate kendal great britain liberty house yard highgate kendal great britain mixed use edward symmons llp,13
720,,Mount Pleasant Road,Tunbridge Wells,Kent,Great Britain,"Mount Pleasant Road, Tunbridge Wells, Kent, Great Britain",Development - Not Commenced,,Savills,"Mount Pleasant Road Tunbridge Wells Kent Great Britain Mount Pleasant Road, Tunbridge Wells, Kent, Great Britain Development - Not Commenced nan Savills","mount pleasant road tunbridge wells kent great britain mount pleasant road, tunbridge wells, kent, great britain development - not commenced  savills","['mount', 'pleasant', 'road', 'tunbridge', 'wells', 'kent', 'great', 'britain', 'mount', 'pleasant', 'road', ',', 'tunbridge', 'wells', ',', 'kent', ',', 'great', 'britain', 'development', '-', 'not', 'commenced', 'savills']",mount pleasant road tunbridge wells kent great britain mount pleasant road tunbridge wells kent great britain development not commenced savills,13
721,,Tufton Street,Ashford,"Kent, TN23 1QP",Great Britain,"Tufton Street, Ashford, Kent, TN23 1QP, Great Britain",Mixed Use,,Allsop LLP,"Tufton Street Ashford Kent, TN23 1QP Great Britain Tufton Street, Ashford, Kent, TN23 1QP, Great Britain Mixed Use nan Allsop LLP","tufton street ashford kent, tn23 1qp great britain tufton street, ashford, kent, tn23 1qp, great britain mixed use  allsop llp","['tufton', 'street', 'ashford', 'kent', ',', 'tn23', '1qp', 'great', 'britain', 'tufton', 'street', ',', 'ashford', ',', 'kent', ',', 'tn23', '1qp', ',', 'great', 'britain', 'mixed', 'use', 'allsop', 'llp']",tufton street ashford kent tn23 1qp great britain tufton street ashford kent tn23 1qp great britain mixed use allsop llp,13
722,,"St Mary's Road,",,"Leamington Spa,
CV31 1",Great Britain,"St Mary's Road,, Leamington Spa,
CV31 1, Great Britain",Industrial,,Capita Symonds,"St Mary's Road, nan Leamington Spa,
CV31 1 Great Britain St Mary's Road,, Leamington Spa,
CV31 1, Great Britain Industrial nan Capita Symonds","st mary's road,  leamington spa, cv31 1 great britain st mary's road,, leamington spa, cv31 1, great britain industrial  capita symonds","['st', 'mary', ""'s"", 'road', ',', 'leamington', 'spa', ',', 'cv31', '1', 'great', 'britain', 'st', 'mary', ""'s"", 'road,', ',', 'leamington', 'spa', ',', 'cv31', '1', ',', 'great', 'britain', 'industrial', 'capita', 'symonds']","st mary 's road leamington spa cv31 1 great britain st mary 's road, leamington spa cv31 1 great britain industrial capita symonds",13
723,,Bywater Court,,Leeds,Great Britain,"Bywater Court, Leeds, Great Britain",Residential,,Baker Tilly Ryan Glennon,"Bywater Court nan Leeds Great Britain Bywater Court, Leeds, Great Britain Residential nan Baker Tilly Ryan Glennon","bywater court  leeds great britain bywater court, leeds, great britain residential  baker tilly ryan glennon","['bywater', 'court', 'leeds', 'great', 'britain', 'bywater', 'court', ',', 'leeds', ',', 'great', 'britain', 'residential', 'baker', 'tilly', 'ryan', 'glennon']",bywater court leeds great britain bywater court leeds great britain residential baker tilly ryan glennon,13
724,,East Street,Ellerby Road,Leeds,Great Britain,"East Street, Ellerby Road, Leeds, Great Britain",Development - Not Commenced,,PwC,"East Street Ellerby Road Leeds Great Britain East Street, Ellerby Road, Leeds, Great Britain Development - Not Commenced nan PwC","east street ellerby road leeds great britain east street, ellerby road, leeds, great britain development - not commenced  pwc","['east', 'street', 'ellerby', 'road', 'leeds', 'great', 'britain', 'east', 'street', ',', 'ellerby', 'road', ',', 'leeds', ',', 'great', 'britain', 'development', '-', 'not', 'commenced', 'pwc']",east street ellerby road leeds great britain east street ellerby road leeds great britain development not commenced pwc,13
725,,Wellington Street,Leeds,Leeds LS1,Great Britain,"Wellington Street, Leeds, Leeds LS1, Great Britain",Office,,GVA,"Wellington Street Leeds Leeds LS1 Great Britain Wellington Street, Leeds, Leeds LS1, Great Britain Office nan GVA","wellington street leeds leeds ls1 great britain wellington street, leeds, leeds ls1, great britain office  gva","['wellington', 'street', 'leeds', 'leeds', 'ls1', 'great', 'britain', 'wellington', 'street', ',', 'leeds', ',', 'leeds', 'ls1', ',', 'great', 'britain', 'office', 'gva']",wellington street leeds leeds ls1 great britain wellington street leeds leeds ls1 great britain office gva,13
726,,Manor Mills,Ingram Road,Leeds LS11 9BN,Great Britain,"Manor Mills, Ingram Road, Leeds LS11 9BN, Great Britain",Mixed Use,,KPMG,"Manor Mills Ingram Road Leeds LS11 9BN Great Britain Manor Mills, Ingram Road, Leeds LS11 9BN, Great Britain Mixed Use nan KPMG","manor mills ingram road leeds ls11 9bn great britain manor mills, ingram road, leeds ls11 9bn, great britain mixed use  kpmg","['manor', 'mills', 'ingram', 'road', 'leeds', 'ls11', '9bn', 'great', 'britain', 'manor', 'mills', ',', 'ingram', 'road', ',', 'leeds', 'ls11', '9bn', ',', 'great', 'britain', 'mixed', 'use', 'kpmg']",manor mills ingram road leeds ls11 9bn great britain manor mills ingram road leeds ls11 9bn great britain mixed use kpmg,13
727,,20:20 House,Skinner Lane,"Leeds, West
Yorkshire LS7 1BB",Great Britain,"20:20 House, Skinner Lane, Leeds, West
Yorkshire LS7 1BB, Great Britain",Mixed Use,,KPMG,"20:20 House Skinner Lane Leeds, West
Yorkshire LS7 1BB Great Britain 20:20 House, Skinner Lane, Leeds, West
Yorkshire LS7 1BB, Great Britain Mixed Use nan KPMG","20:20 house skinner lane leeds, west yorkshire ls7 1bb great britain 20:20 house, skinner lane, leeds, west yorkshire ls7 1bb, great britain mixed use  kpmg","['20', ':', '20', 'house', 'skinner', 'lane', 'leeds', ',', 'west', 'yorkshire', 'ls7', '1bb', 'great', 'britain', '20', ':', '20', 'house', ',', 'skinner', 'lane', ',', 'leeds', ',', 'west', 'yorkshire', 'ls7', '1bb', ',', 'great', 'britain', 'mixed', 'use', 'kpmg']",20 20 house skinner lane leeds west yorkshire ls7 1bb great britain 20 20 house skinner lane leeds west yorkshire ls7 1bb great britain mixed use kpmg,13
728,,20:20 House,Skinner Lane,"Leeds, West
Yorkshire LS7 1DB",Great Britain,"20:20 House, Skinner Lane, Leeds, West
Yorkshire LS7 1DB, Great Britain",Office,,KPMG,"20:20 House Skinner Lane Leeds, West
Yorkshire LS7 1DB Great Britain 20:20 House, Skinner Lane, Leeds, West
Yorkshire LS7 1DB, Great Britain Office nan KPMG","20:20 house skinner lane leeds, west yorkshire ls7 1db great britain 20:20 house, skinner lane, leeds, west yorkshire ls7 1db, great britain office  kpmg","['20', ':', '20', 'house', 'skinner', 'lane', 'leeds', ',', 'west', 'yorkshire', 'ls7', '1db', 'great', 'britain', '20', ':', '20', 'house', ',', 'skinner', 'lane', ',', 'leeds', ',', 'west', 'yorkshire', 'ls7', '1db', ',', 'great', 'britain', 'office', 'kpmg']",20 20 house skinner lane leeds west yorkshire ls7 1db great britain 20 20 house skinner lane leeds west yorkshire ls7 1db great britain office kpmg,13
730,,St Georges Way,,"Leicester, LE1 1",Great Britain,"St Georges Way, Leicester, LE1 1, Great Britain",Mixed Use,,Capita Symonds,"St Georges Way nan Leicester, LE1 1 Great Britain St Georges Way, Leicester, LE1 1, Great Britain Mixed Use nan Capita Symonds","st georges way  leicester, le1 1 great britain st georges way, leicester, le1 1, great britain mixed use  capita symonds","['st', 'georges', 'way', 'leicester', ',', 'le1', '1', 'great', 'britain', 'st', 'georges', 'way', ',', 'leicester', ',', 'le1', '1', ',', 'great', 'britain', 'mixed', 'use', 'capita', 'symonds']",st georges way leicester le1 1 great britain st georges way leicester le1 1 great britain mixed use capita symonds,13
736,,"Land at North Side of
South Downs Road",Malling Brooks,Lewes,Great Britain,"Land at North Side of
South Downs Road, Malling Brooks, Lewes, Great Britain",Development - Not Commenced,,Begbies Traynor (Central) LLP,"Land at North Side of
South Downs Road Malling Brooks Lewes Great Britain Land at North Side of
South Downs Road, Malling Brooks, Lewes, Great Britain Development - Not Commenced nan Begbies Traynor (Central) LLP","land at north side of south downs road malling brooks lewes great britain land at north side of south downs road, malling brooks, lewes, great britain development - not commenced  begbies traynor (central) llp","['land', 'at', 'north', 'side', 'of', 'south', 'downs', 'road', 'malling', 'brooks', 'lewes', 'great', 'britain', 'land', 'at', 'north', 'side', 'of', 'south', 'downs', 'road', ',', 'malling', 'brooks', ',', 'lewes', ',', 'great', 'britain', 'development', '-', 'not', 'commenced', 'begbies', 'traynor', '(', 'central', ')', 'llp']",land at north side of south downs road malling brooks lewes great britain land at north side of south downs road malling brooks lewes great britain development not commenced begbies traynor central llp,13
737,,"Phoenix Industrial
Estate",,Lewes,Great Britain,"Phoenix Industrial
Estate, Lewes, Great Britain",Development - Not Commenced,,Grant Thornton,"Phoenix Industrial
Estate nan Lewes Great Britain Phoenix Industrial
Estate, Lewes, Great Britain Development - Not Commenced nan Grant Thornton","phoenix industrial estate  lewes great britain phoenix industrial estate, lewes, great britain development - not commenced  grant thornton","['phoenix', 'industrial', 'estate', 'lewes', 'great', 'britain', 'phoenix', 'industrial', 'estate', ',', 'lewes', ',', 'great', 'britain', 'development', '-', 'not', 'commenced', 'grant', 'thornton']",phoenix industrial estate lewes great britain phoenix industrial estate lewes great britain development not commenced grant thornton,13
739,,Tower Building,Union Street,Liverpool L3 1BH,Great Britain,"Tower Building, Union Street, Liverpool L3 1BH, Great Britain",Residential,,GVA,"Tower Building Union Street Liverpool L3 1BH Great Britain Tower Building, Union Street, Liverpool L3 1BH, Great Britain Residential nan GVA","tower building union street liverpool l3 1bh great britain tower building, union street, liverpool l3 1bh, great britain residential  gva","['tower', 'building', 'union', 'street', 'liverpool', 'l3', '1bh', 'great', 'britain', 'tower', 'building', ',', 'union', 'street', ',', 'liverpool', 'l3', '1bh', ',', 'great', 'britain', 'residential', 'gva']",tower building union street liverpool l3 1bh great britain tower building union street liverpool l3 1bh great britain residential gva,13
740,,Sefton Street,Toxeth,Liverpool L8 5SY,Great Britain,"Sefton Street, Toxeth, Liverpool L8 5SY, Great Britain",Development - Not Commenced,,MCR,"Sefton Street Toxeth Liverpool L8 5SY Great Britain Sefton Street, Toxeth, Liverpool L8 5SY, Great Britain Development - Not Commenced nan MCR","sefton street toxeth liverpool l8 5sy great britain sefton street, toxeth, liverpool l8 5sy, great britain development - not commenced  mcr","['sefton', 'street', 'toxeth', 'liverpool', 'l8', '5sy', 'great', 'britain', 'sefton', 'street', ',', 'toxeth', ',', 'liverpool', 'l8', '5sy', ',', 'great', 'britain', 'development', '-', 'not', 'commenced', 'mcr']",sefton street toxeth liverpool l8 5sy great britain sefton street toxeth liverpool l8 5sy great britain development not commenced mcr,13
772,,"Taplow Paper Mill,
Taplow Lane",Taplow,Maidenhead,Great Britain,"Taplow Paper Mill,
Taplow Lane, Taplow, Maidenhead, Great Britain",Development - Not Commenced,,BDO LLP,"Taplow Paper Mill,
Taplow Lane Taplow Maidenhead Great Britain Taplow Paper Mill,
Taplow Lane, Taplow, Maidenhead, Great Britain Development - Not Commenced nan BDO LLP","taplow paper mill, taplow lane taplow maidenhead great britain taplow paper mill, taplow lane, taplow, maidenhead, great britain development - not commenced  bdo llp","['taplow', 'paper', 'mill', ',', 'taplow', 'lane', 'taplow', 'maidenhead', 'great', 'britain', 'taplow', 'paper', 'mill', ',', 'taplow', 'lane', ',', 'taplow', ',', 'maidenhead', ',', 'great', 'britain', 'development', '-', 'not', 'commenced', 'bdo', 'llp']",taplow paper mill taplow lane taplow maidenhead great britain taplow paper mill taplow lane taplow maidenhead great britain development not commenced bdo llp,13
773,,Hall Moss Road,Blackley,Manchester,Great Britain,"Hall Moss Road, Blackley, Manchester, Great Britain",Development - Not Commenced,,BDO LLP,"Hall Moss Road Blackley Manchester Great Britain Hall Moss Road, Blackley, Manchester, Great Britain Development - Not Commenced nan BDO LLP","hall moss road blackley manchester great britain hall moss road, blackley, manchester, great britain development - not commenced  bdo llp","['hall', 'moss', 'road', 'blackley', 'manchester', 'great', 'britain', 'hall', 'moss', 'road', ',', 'blackley', ',', 'manchester', ',', 'great', 'britain', 'development', '-', 'not', 'commenced', 'bdo', 'llp']",hall moss road blackley manchester great britain hall moss road blackley manchester great britain development not commenced bdo llp,13
774,,"Lincoln Gate, Red
Bank",,Manchester M4 4AD,Great Britain,"Lincoln Gate, Red
Bank, Manchester M4 4AD, Great Britain",Residential,,KPMG,"Lincoln Gate, Red
Bank nan Manchester M4 4AD Great Britain Lincoln Gate, Red
Bank, Manchester M4 4AD, Great Britain Residential nan KPMG","lincoln gate, red bank  manchester m4 4ad great britain lincoln gate, red bank, manchester m4 4ad, great britain residential  kpmg","['lincoln', 'gate', ',', 'red', 'bank', 'manchester', 'm4', '4ad', 'great', 'britain', 'lincoln', 'gate', ',', 'red', 'bank', ',', 'manchester', 'm4', '4ad', ',', 'great', 'britain', 'residential', 'kpmg']",lincoln gate red bank manchester m4 4ad great britain lincoln gate red bank manchester m4 4ad great britain residential kpmg,13
777,,Edward Benefer Way,Kings Lynn,"Norfolk, PO30 2ND",Great Britain,"Edward Benefer Way, Kings Lynn, Norfolk, PO30 2ND, Great Britain",Development - Not Commenced,,Allsop LLP,"Edward Benefer Way Kings Lynn Norfolk, PO30 2ND Great Britain Edward Benefer Way, Kings Lynn, Norfolk, PO30 2ND, Great Britain Development - Not Commenced nan Allsop LLP","edward benefer way kings lynn norfolk, po30 2nd great britain edward benefer way, kings lynn, norfolk, po30 2nd, great britain development - not commenced  allsop llp","['edward', 'benefer', 'way', 'kings', 'lynn', 'norfolk', ',', 'po30', '2nd', 'great', 'britain', 'edward', 'benefer', 'way', ',', 'kings', 'lynn', ',', 'norfolk', ',', 'po30', '2nd', ',', 'great', 'britain', 'development', '-', 'not', 'commenced', 'allsop', 'llp']",edward benefer way kings lynn norfolk po30 2nd great britain edward benefer way kings lynn norfolk po30 2nd great britain development not commenced allsop llp,13
784,,Turpin Avenue,,Romford,Great Britain,"Turpin Avenue, Romford, Great Britain",Retail,,GVA,"Turpin Avenue nan Romford Great Britain Turpin Avenue, Romford, Great Britain Retail nan GVA","turpin avenue  romford great britain turpin avenue, romford, great britain retail  gva","['turpin', 'avenue', 'romford', 'great', 'britain', 'turpin', 'avenue', ',', 'romford', ',', 'great', 'britain', 'retail', 'gva']",turpin avenue romford great britain turpin avenue romford great britain retail gva,13
785,,"Angel Way Retail
Park",St. Edwards Way,Romford RM11JN,Great Britain,"Angel Way Retail
Park, St. Edwards Way, Romford RM11JN, Great Britain",Development - Not Commenced,,RSM Tenon Recovery,"Angel Way Retail
Park St. Edwards Way Romford RM11JN Great Britain Angel Way Retail
Park, St. Edwards Way, Romford RM11JN, Great Britain Development - Not Commenced nan RSM Tenon Recovery","angel way retail park st. edwards way romford rm11jn great britain angel way retail park, st. edwards way, romford rm11jn, great britain development - not commenced  rsm tenon recovery","['angel', 'way', 'retail', 'park', 'st.', 'edwards', 'way', 'romford', 'rm11jn', 'great', 'britain', 'angel', 'way', 'retail', 'park', ',', 'st.', 'edwards', 'way', ',', 'romford', 'rm11jn', ',', 'great', 'britain', 'development', '-', 'not', 'commenced', 'rsm', 'tenon', 'recovery']",angel way retail park st. edwards way romford rm11jn great britain angel way retail park st. edwards way romford rm11jn great britain development not commenced rsm tenon recovery,13
786,,Regent Street,,"Rugby, CV21 2PY",Great Britain,"Regent Street, Rugby, CV21 2PY, Great Britain",Development - Not Commenced,,Allsop LLP,"Regent Street nan Rugby, CV21 2PY Great Britain Regent Street, Rugby, CV21 2PY, Great Britain Development - Not Commenced nan Allsop LLP","regent street  rugby, cv21 2py great britain regent street, rugby, cv21 2py, great britain development - not commenced  allsop llp","['regent', 'street', 'rugby', ',', 'cv21', '2py', 'great', 'britain', 'regent', 'street', ',', 'rugby', ',', 'cv21', '2py', ',', 'great', 'britain', 'development', '-', 'not', 'commenced', 'allsop', 'llp']",regent street rugby cv21 2py great britain regent street rugby cv21 2py great britain development not commenced allsop llp,13
787,,"Thaxted Road,",Saffron Walden,"Saffron Walden, SB10",Great Britain,"Thaxted Road,, Saffron Walden, Saffron Walden, SB10, Great Britain",Mixed Use,,Capita Symonds,"Thaxted Road, Saffron Walden Saffron Walden, SB10 Great Britain Thaxted Road,, Saffron Walden, Saffron Walden, SB10, Great Britain Mixed Use nan Capita Symonds","thaxted road, saffron walden saffron walden, sb10 great britain thaxted road,, saffron walden, saffron walden, sb10, great britain mixed use  capita symonds","['thaxted', 'road', ',', 'saffron', 'walden', 'saffron', 'walden', ',', 'sb10', 'great', 'britain', 'thaxted', 'road,', ',', 'saffron', 'walden', ',', 'saffron', 'walden', ',', 'sb10', ',', 'great', 'britain', 'mixed', 'use', 'capita', 'symonds']","thaxted road saffron walden saffron walden sb10 great britain thaxted road, saffron walden saffron walden sb10 great britain mixed use capita symonds",13
788,,Premises at,Chapel Street,Salford M3,Great Britain,"Premises at, Chapel Street, Salford M3, Great Britain",Other,6 car parking spaces,GVA,"Premises at Chapel Street Salford M3 Great Britain Premises at, Chapel Street, Salford M3, Great Britain Other 6 car parking spaces GVA","premises at chapel street salford m3 great britain premises at, chapel street, salford m3, great britain other 6 car parking spaces gva","['premises', 'at', 'chapel', 'street', 'salford', 'm3', 'great', 'britain', 'premises', 'at', ',', 'chapel', 'street', ',', 'salford', 'm3', ',', 'great', 'britain', 'other', '6', 'car', 'parking', 'spaces', 'gva']",premises at chapel street salford m3 great britain premises at chapel street salford m3 great britain other 6 car parking spaces gva,13
789,,Premises at,Sillivan Way,Salford M3,Great Britain,"Premises at, Sillivan Way, Salford M3, Great Britain",Development - Not Commenced,,GVA,"Premises at Sillivan Way Salford M3 Great Britain Premises at, Sillivan Way, Salford M3, Great Britain Development - Not Commenced nan GVA","premises at sillivan way salford m3 great britain premises at, sillivan way, salford m3, great britain development - not commenced  gva","['premises', 'at', 'sillivan', 'way', 'salford', 'm3', 'great', 'britain', 'premises', 'at', ',', 'sillivan', 'way', ',', 'salford', 'm3', ',', 'great', 'britain', 'development', '-', 'not', 'commenced', 'gva']",premises at sillivan way salford m3 great britain premises at sillivan way salford m3 great britain development not commenced gva,13
790,,Land at Greengate,,Salford M3,Great Britain,"Land at Greengate, Salford M3, Great Britain",Development - Not Commenced,,GVA,"Land at Greengate nan Salford M3 Great Britain Land at Greengate, Salford M3, Great Britain Development - Not Commenced nan GVA","land at greengate  salford m3 great britain land at greengate, salford m3, great britain development - not commenced  gva","['land', 'at', 'greengate', 'salford', 'm3', 'great', 'britain', 'land', 'at', 'greengate', ',', 'salford', 'm3', ',', 'great', 'britain', 'development', '-', 'not', 'commenced', 'gva']",land at greengate salford m3 great britain land at greengate salford m3 great britain development not commenced gva,13
791,,"The
Gateway, Broughton
Road",,Salford M6 6LS,Great Britain,"The
Gateway, Broughton
Road, Salford M6 6LS, Great Britain",Residential,,KPMG,"The
Gateway, Broughton
Road nan Salford M6 6LS Great Britain The
Gateway, Broughton
Road, Salford M6 6LS, Great Britain Residential nan KPMG","the gateway, broughton road  salford m6 6ls great britain the gateway, broughton road, salford m6 6ls, great britain residential  kpmg","['the', 'gateway', ',', 'broughton', 'road', 'salford', 'm6', '6ls', 'great', 'britain', 'the', 'gateway', ',', 'broughton', 'road', ',', 'salford', 'm6', '6ls', ',', 'great', 'britain', 'residential', 'kpmg']",the gateway broughton road salford m6 6ls great britain the gateway broughton road salford m6 6ls great britain residential kpmg,13
792,,"The
Maypole, Broughton
Road",,Salford M6 6LS,Great Britain,"The
Maypole, Broughton
Road, Salford M6 6LS, Great Britain",Residential,,KPMG,"The
Maypole, Broughton
Road nan Salford M6 6LS Great Britain The
Maypole, Broughton
Road, Salford M6 6LS, Great Britain Residential nan KPMG","the maypole, broughton road  salford m6 6ls great britain the maypole, broughton road, salford m6 6ls, great britain residential  kpmg","['the', 'maypole', ',', 'broughton', 'road', 'salford', 'm6', '6ls', 'great', 'britain', 'the', 'maypole', ',', 'broughton', 'road', ',', 'salford', 'm6', '6ls', ',', 'great', 'britain', 'residential', 'kpmg']",the maypole broughton road salford m6 6ls great britain the maypole broughton road salford m6 6ls great britain residential kpmg,13
796,,Watling Street West,,Towcester,Great Britain,"Watling Street West, Towcester, Great Britain",Development - Commenced,,Allsop LLP,"Watling Street West nan Towcester Great Britain Watling Street West, Towcester, Great Britain Development - Commenced nan Allsop LLP","watling street west  towcester great britain watling street west, towcester, great britain development - commenced  allsop llp","['watling', 'street', 'west', 'towcester', 'great', 'britain', 'watling', 'street', 'west', ',', 'towcester', ',', 'great', 'britain', 'development', '-', 'commenced', 'allsop', 'llp']",watling street west towcester great britain watling street west towcester great britain development commenced allsop llp,13
797,,Land at,Forest Hall,Tyne & Wear,Great Britain,"Land at, Forest Hall, Tyne & Wear, Great Britain",Development - Not Commenced,,BDO LLP,"Land at Forest Hall Tyne & Wear Great Britain Land at, Forest Hall, Tyne & Wear, Great Britain Development - Not Commenced nan BDO LLP","land at forest hall tyne & wear great britain land at, forest hall, tyne & wear, great britain development - not commenced  bdo llp","['land', 'at', 'forest', 'hall', 'tyne', '&', 'wear', 'great', 'britain', 'land', 'at', ',', 'forest', 'hall', ',', 'tyne', '&', 'wear', ',', 'great', 'britain', 'development', '-', 'not', 'commenced', 'bdo', 'llp']",land at forest hall tyne wear great britain land at forest hall tyne wear great britain development not commenced bdo llp,13
804,,Upton Road,,"Watford, WD18 0",Great Britain,"Upton Road, Watford, WD18 0, Great Britain",Office,,Capita Symonds,"Upton Road nan Watford, WD18 0 Great Britain Upton Road, Watford, WD18 0, Great Britain Office nan Capita Symonds","upton road  watford, wd18 0 great britain upton road, watford, wd18 0, great britain office  capita symonds","['upton', 'road', 'watford', ',', 'wd18', '0', 'great', 'britain', 'upton', 'road', ',', 'watford', ',', 'wd18', '0', ',', 'great', 'britain', 'office', 'capita', 'symonds']",upton road watford wd18 0 great britain upton road watford wd18 0 great britain office capita symonds,13
805,,Upton Road,,"Watford, WD18 0",Great Britain,"Upton Road, Watford, WD18 0, Great Britain",Residential,,Capita Symonds,"Upton Road nan Watford, WD18 0 Great Britain Upton Road, Watford, WD18 0, Great Britain Residential nan Capita Symonds","upton road  watford, wd18 0 great britain upton road, watford, wd18 0, great britain residential  capita symonds","['upton', 'road', 'watford', ',', 'wd18', '0', 'great', 'britain', 'upton', 'road', ',', 'watford', ',', 'wd18', '0', ',', 'great', 'britain', 'residential', 'capita', 'symonds']",upton road watford wd18 0 great britain upton road watford wd18 0 great britain residential capita symonds,13
806,,Glastonbury Road,,"Wells, BA5 1TP",Great Britain,"Glastonbury Road, Wells, BA5 1TP, Great Britain",Development - Not Commenced,,Allsop LLP,"Glastonbury Road nan Wells, BA5 1TP Great Britain Glastonbury Road, Wells, BA5 1TP, Great Britain Development - Not Commenced nan Allsop LLP","glastonbury road  wells, ba5 1tp great britain glastonbury road, wells, ba5 1tp, great britain development - not commenced  allsop llp","['glastonbury', 'road', 'wells', ',', 'ba5', '1tp', 'great', 'britain', 'glastonbury', 'road', ',', 'wells', ',', 'ba5', '1tp', ',', 'great', 'britain', 'development', '-', 'not', 'commenced', 'allsop', 'llp']",glastonbury road wells ba5 1tp great britain glastonbury road wells ba5 1tp great britain development not commenced allsop llp,13
808,,Bishopric,Horsham,"West Sussex, RH12",Great Britain,"Bishopric, Horsham, West Sussex, RH12, Great Britain",Office,,BDO LLP,"Bishopric Horsham West Sussex, RH12 Great Britain Bishopric, Horsham, West Sussex, RH12, Great Britain Office nan BDO LLP","bishopric horsham west sussex, rh12 great britain bishopric, horsham, west sussex, rh12, great britain office  bdo llp","['bishopric', 'horsham', 'west', 'sussex', ',', 'rh12', 'great', 'britain', 'bishopric', ',', 'horsham', ',', 'west', 'sussex', ',', 'rh12', ',', 'great', 'britain', 'office', 'bdo', 'llp']",bishopric horsham west sussex rh12 great britain bishopric horsham west sussex rh12 great britain office bdo llp,13
810,,"Trencherfield Mill,
Heritage Way",,Wigan WN3 4BE,Great Britain,"Trencherfield Mill,
Heritage Way, Wigan WN3 4BE, Great Britain",Residential,,KPMG,"Trencherfield Mill,
Heritage Way nan Wigan WN3 4BE Great Britain Trencherfield Mill,
Heritage Way, Wigan WN3 4BE, Great Britain Residential nan KPMG","trencherfield mill, heritage way  wigan wn3 4be great britain trencherfield mill, heritage way, wigan wn3 4be, great britain residential  kpmg","['trencherfield', 'mill', ',', 'heritage', 'way', 'wigan', 'wn3', '4be', 'great', 'britain', 'trencherfield', 'mill', ',', 'heritage', 'way', ',', 'wigan', 'wn3', '4be', ',', 'great', 'britain', 'residential', 'kpmg']",trencherfield mill heritage way wigan wn3 4be great britain trencherfield mill heritage way wigan wn3 4be great britain residential kpmg,13
814,,"Certain Units at
Sugarmill Square,
Eccles New Road",,"Salford, M5 5EB",Great Britain,"Certain Units at
Sugarmill Square,
Eccles New Road, , Salford, M5 5EB, Great Britain",Residential,,KPMG,"Certain Units at
Sugarmill Square,
Eccles New Road nan Salford, M5 5EB Great Britain Certain Units at
Sugarmill Square,
Eccles New Road, , Salford, M5 5EB, Great Britain Residential nan KPMG","certain units at sugarmill square, eccles new road  salford, m5 5eb great britain certain units at sugarmill square, eccles new road, , salford, m5 5eb, great britain residential  kpmg","['certain', 'units', 'at', 'sugarmill', 'square', ',', 'eccles', 'new', 'road', 'salford', ',', 'm5', '5eb', 'great', 'britain', 'certain', 'units', 'at', 'sugarmill', 'square', ',', 'eccles', 'new', 'road', ',', ',', 'salford', ',', 'm5', '5eb', ',', 'great', 'britain', 'residential', 'kpmg']",certain units at sugarmill square eccles new road salford m5 5eb great britain certain units at sugarmill square eccles new road salford m5 5eb great britain residential kpmg,13
815,,Premises on,Cobden Street,"Salford, M6 6LY",Great Britain,"Premises on, Cobden Street, Salford, M6 6LY, Great Britain",Industrial,,GVA,"Premises on Cobden Street Salford, M6 6LY Great Britain Premises on, Cobden Street, Salford, M6 6LY, Great Britain Industrial nan GVA","premises on cobden street salford, m6 6ly great britain premises on, cobden street, salford, m6 6ly, great britain industrial  gva","['premises', 'on', 'cobden', 'street', 'salford', ',', 'm6', '6ly', 'great', 'britain', 'premises', 'on', ',', 'cobden', 'street', ',', 'salford', ',', 'm6', '6ly', ',', 'great', 'britain', 'industrial', 'gva']",premises on cobden street salford m6 6ly great britain premises on cobden street salford m6 6ly great britain industrial gva,13
816,,Premises on,Sovereign Street,"Salford, M6 6LY",Great Britain,"Premises on, Sovereign Street, Salford, M6 6LY, Great Britain",Office,,GVA,"Premises on Sovereign Street Salford, M6 6LY Great Britain Premises on, Sovereign Street, Salford, M6 6LY, Great Britain Office nan GVA","premises on sovereign street salford, m6 6ly great britain premises on, sovereign street, salford, m6 6ly, great britain office  gva","['premises', 'on', 'sovereign', 'street', 'salford', ',', 'm6', '6ly', 'great', 'britain', 'premises', 'on', ',', 'sovereign', 'street', ',', 'salford', ',', 'm6', '6ly', ',', 'great', 'britain', 'office', 'gva']",premises on sovereign street salford m6 6ly great britain premises on sovereign street salford m6 6ly great britain office gva,13
824,,Swadlincote,,South Derbyshire,Great Britain,"Swadlincote, South Derbyshire, Great Britain",Industrial,,Baker Tilly Ryan Glennon,"Swadlincote nan South Derbyshire Great Britain Swadlincote, South Derbyshire, Great Britain Industrial nan Baker Tilly Ryan Glennon","swadlincote  south derbyshire great britain swadlincote, south derbyshire, great britain industrial  baker tilly ryan glennon","['swadlincote', 'south', 'derbyshire', 'great', 'britain', 'swadlincote', ',', 'south', 'derbyshire', ',', 'great', 'britain', 'industrial', 'baker', 'tilly', 'ryan', 'glennon']",swadlincote south derbyshire great britain swadlincote south derbyshire great britain industrial baker tilly ryan glennon,13
825,,Pontlottyn,Rhymney,South Wales,Great Britain,"Pontlottyn, Rhymney, South Wales, Great Britain",Development - Not Commenced,,BDO LLP,"Pontlottyn Rhymney South Wales Great Britain Pontlottyn, Rhymney, South Wales, Great Britain Development - Not Commenced nan BDO LLP","pontlottyn rhymney south wales great britain pontlottyn, rhymney, south wales, great britain development - not commenced  bdo llp","['pontlottyn', 'rhymney', 'south', 'wales', 'great', 'britain', 'pontlottyn', ',', 'rhymney', ',', 'south', 'wales', ',', 'great', 'britain', 'development', '-', 'not', 'commenced', 'bdo', 'llp']",pontlottyn rhymney south wales great britain pontlottyn rhymney south wales great britain development not commenced bdo llp,13
828,,Bohemia Road,,St Leonards-on-sea,Great Britain,"Bohemia Road, St Leonards-on-sea, Great Britain",Mixed Use,,GVA,"Bohemia Road nan St Leonards-on-sea Great Britain Bohemia Road, St Leonards-on-sea, Great Britain Mixed Use nan GVA","bohemia road  st leonards-on-sea great britain bohemia road, st leonards-on-sea, great britain mixed use  gva","['bohemia', 'road', 'st', 'leonards-on-sea', 'great', 'britain', 'bohemia', 'road', ',', 'st', 'leonards-on-sea', ',', 'great', 'britain', 'mixed', 'use', 'gva']",bohemia road st leonards-on-sea great britain bohemia road st leonards-on-sea great britain mixed use gva,13
830,,Burgmuir Road,,Stirling,Great Britain,"Burgmuir Road, Stirling, Great Britain",Retail,,KPMG LLP,"Burgmuir Road nan Stirling Great Britain Burgmuir Road, Stirling, Great Britain Retail nan KPMG LLP","burgmuir road  stirling great britain burgmuir road, stirling, great britain retail  kpmg llp","['burgmuir', 'road', 'stirling', 'great', 'britain', 'burgmuir', 'road', ',', 'stirling', ',', 'great', 'britain', 'retail', 'kpmg', 'llp']",burgmuir road stirling great britain burgmuir road stirling great britain retail kpmg llp,13
831,,Burgmuir Road,,Stirling,Great Britain,"Burgmuir Road, Stirling, Great Britain",Retail,,KPMG LLP,"Burgmuir Road nan Stirling Great Britain Burgmuir Road, Stirling, Great Britain Retail nan KPMG LLP","burgmuir road  stirling great britain burgmuir road, stirling, great britain retail  kpmg llp","['burgmuir', 'road', 'stirling', 'great', 'britain', 'burgmuir', 'road', ',', 'stirling', ',', 'great', 'britain', 'retail', 'kpmg', 'llp']",burgmuir road stirling great britain burgmuir road stirling great britain retail kpmg llp,13
832,,Burgmuir Road,,Stirling,Great Britain,"Burgmuir Road, Stirling, Great Britain",Development - Not Commenced,,KPMG LLP,"Burgmuir Road nan Stirling Great Britain Burgmuir Road, Stirling, Great Britain Development - Not Commenced nan KPMG LLP","burgmuir road  stirling great britain burgmuir road, stirling, great britain development - not commenced  kpmg llp","['burgmuir', 'road', 'stirling', 'great', 'britain', 'burgmuir', 'road', ',', 'stirling', ',', 'great', 'britain', 'development', '-', 'not', 'commenced', 'kpmg', 'llp']",burgmuir road stirling great britain burgmuir road stirling great britain development not commenced kpmg llp,13
833,,Murray Place,,Stirling,Great Britain,"Murray Place, Stirling, Great Britain",Retail,,KPMG LLP,"Murray Place nan Stirling Great Britain Murray Place, Stirling, Great Britain Retail nan KPMG LLP","murray place  stirling great britain murray place, stirling, great britain retail  kpmg llp","['murray', 'place', 'stirling', 'great', 'britain', 'murray', 'place', ',', 'stirling', ',', 'great', 'britain', 'retail', 'kpmg', 'llp']",murray place stirling great britain murray place stirling great britain retail kpmg llp,13
834,,Murray Place,,Stirling,Great Britain,"Murray Place, Stirling, Great Britain",Retail,,KPMG LLP,"Murray Place nan Stirling Great Britain Murray Place, Stirling, Great Britain Retail nan KPMG LLP","murray place  stirling great britain murray place, stirling, great britain retail  kpmg llp","['murray', 'place', 'stirling', 'great', 'britain', 'murray', 'place', ',', 'stirling', ',', 'great', 'britain', 'retail', 'kpmg', 'llp']",murray place stirling great britain murray place stirling great britain retail kpmg llp,13
836,,Station Road,Elmswell,"Suffolk, IP30 9HA",Great Britain,"Station Road, Elmswell, Suffolk, IP30 9HA, Great Britain",Development - Not Commenced,,Allsop LLP,"Station Road Elmswell Suffolk, IP30 9HA Great Britain Station Road, Elmswell, Suffolk, IP30 9HA, Great Britain Development - Not Commenced nan Allsop LLP","station road elmswell suffolk, ip30 9ha great britain station road, elmswell, suffolk, ip30 9ha, great britain development - not commenced  allsop llp","['station', 'road', 'elmswell', 'suffolk', ',', 'ip30', '9ha', 'great', 'britain', 'station', 'road', ',', 'elmswell', ',', 'suffolk', ',', 'ip30', '9ha', ',', 'great', 'britain', 'development', '-', 'not', 'commenced', 'allsop', 'llp']",station road elmswell suffolk ip30 9ha great britain station road elmswell suffolk ip30 9ha great britain development not commenced allsop llp,13
840,,"St Benedicts RC High
School",New Hey Road,Wirral CH49 9BZ,Great Britain,"St Benedicts RC High
School, New Hey Road, Wirral CH49 9BZ, Great Britain",Development - Not Commenced,,MCR,"St Benedicts RC High
School New Hey Road Wirral CH49 9BZ Great Britain St Benedicts RC High
School, New Hey Road, Wirral CH49 9BZ, Great Britain Development - Not Commenced nan MCR","st benedicts rc high school new hey road wirral ch49 9bz great britain st benedicts rc high school, new hey road, wirral ch49 9bz, great britain development - not commenced  mcr","['st', 'benedicts', 'rc', 'high', 'school', 'new', 'hey', 'road', 'wirral', 'ch49', '9bz', 'great', 'britain', 'st', 'benedicts', 'rc', 'high', 'school', ',', 'new', 'hey', 'road', ',', 'wirral', 'ch49', '9bz', ',', 'great', 'britain', 'development', '-', 'not', 'commenced', 'mcr']",st benedicts rc high school new hey road wirral ch49 9bz great britain st benedicts rc high school new hey road wirral ch49 9bz great britain development not commenced mcr,13
841,,Park Lane,Fallings Park,Wolverhampton,Great Britain,"Park Lane, Fallings Park, Wolverhampton, Great Britain",Industrial,,BDO LLP,"Park Lane Fallings Park Wolverhampton Great Britain Park Lane, Fallings Park, Wolverhampton, Great Britain Industrial nan BDO LLP","park lane fallings park wolverhampton great britain park lane, fallings park, wolverhampton, great britain industrial  bdo llp","['park', 'lane', 'fallings', 'park', 'wolverhampton', 'great', 'britain', 'park', 'lane', ',', 'fallings', 'park', ',', 'wolverhampton', ',', 'great', 'britain', 'industrial', 'bdo', 'llp']",park lane fallings park wolverhampton great britain park lane fallings park wolverhampton great britain industrial bdo llp,13
843,,Vale Park West,Evesham,Worcestershire,Great Britain,"Vale Park West, Evesham, Worcestershire, Great Britain",Industrial,,BDO LLP,"Vale Park West Evesham Worcestershire Great Britain Vale Park West, Evesham, Worcestershire, Great Britain Industrial nan BDO LLP","vale park west evesham worcestershire great britain vale park west, evesham, worcestershire, great britain industrial  bdo llp","['vale', 'park', 'west', 'evesham', 'worcestershire', 'great', 'britain', 'vale', 'park', 'west', ',', 'evesham', ',', 'worcestershire', ',', 'great', 'britain', 'industrial', 'bdo', 'llp']",vale park west evesham worcestershire great britain vale park west evesham worcestershire great britain industrial bdo llp,13
